id,name,country,category,followers,engagement_rate,fit_score,commission_rate,cost,avg_views,avg_likes,gender_ratio,age_group
1,KOL_1,MY,beauty,13278,0.1123,0.3977,0.239,496.52,3385,380,0.03,18-24
2,KOL_2,PH,fashion,1434,0.226,0.7909,0.2949,129.98,430,97,0.81,18-24
3,KOL_3,TH,beauty,267415,0.0751,0.4088,0.1293,984.92,70023,5258,0.36,25-34
4,KOL_4,PH,beauty,15695,0.1216,0.9812,0.2352,280.2,5211,633,0.62,25-34
5,KOL_5,MY,fashion,19116,0.0414,0.5026,0.2666,494.18,5557,230,0.28,35+
6,KOL_6,VN,beauty,270556,0.051,0.4869,0.1809,426.57,73246,3735,0.53,18-24
7,KOL_7,ID,home,7216,0.1736,0.7817,0.3343,237.5,1861,323,0.23,18-24
8,KOL_8,VN,home,520652,0.0445,0.96,0.1413,275.21,162880,7248,0.4,35+
9,KOL_9,VN,fmcg,44718,0.0594,0.6773,0.2698,158.93,14451,858,0.36,18-24
10,KOL_10,ID,fmcg,21915,0.1365,0.407,0.2396,226.2,7055,963,0.38,25-34
11,KOL_11,VN,home,82512,0.1149,0.8045,0.2569,293.0,26201,3010,0.11,25-34
12,KOL_12,SG,fashion,1053,0.3,0.4844,0.3008,727.66,276,82,0.87,25-34
13,KOL_13,SG,beauty,632324,0.0651,0.8338,0.1799,6407.66,190102,12375,0.02,25-34
14,KOL_14,SG,beauty,972065,0.0797,0.4686,0.1286,4710.99,306715,24445,0.82,35+
15,KOL_15,SG,fmcg,234629,0.0864,0.4156,0.2164,2559.11,76328,6594,0.76,35+
16,KOL_16,SG,fmcg,6107,0.1891,0.5614,0.2621,859.83,1757,332,0.06,18-24
17,KOL_17,MY,fashion,40161,0.0892,0.7955,0.1867,926.34,10168,906,0.86,18-24
18,KOL_18,SG,fmcg,46500,0.1038,0.3926,0.2043,1145.86,15499,1608,0.81,18-24
19,KOL_19,MY,beauty,8062,0.1663,0.9047,0.2561,760.94,2760,458,0.34,18-24
20,KOL_20,PH,fashion,4116,0.1849,0.4284,0.3374,167.73,1067,197,0.44,35+
21,KOL_21,ID,fashion,9856,0.3,0.9485,0.2906,645.43,2956,886,0.21,25-34
22,KOL_22,PH,home,272635,0.0648,0.4856,0.1623,203.98,92096,5967,1.0,35+
23,KOL_23,SG,beauty,73788,0.0535,0.9781,0.2548,3044.02,18915,1011,0.05,25-34
24,KOL_24,ID,beauty,79615,0.0652,0.3561,0.2395,413.39,25435,1658,0.86,25-34
25,KOL_25,VN,home,5033,0.186,0.3574,0.3435,82.05,1362,253,0.67,25-34
26,KOL_26,MY,beauty,7484,0.1317,0.6201,0.2958,623.87,2447,322,1.0,18-24
27,KOL_27,ID,home,76307,0.0782,0.9166,0.2085,350.08,22666,1772,0.83,35+
28,KOL_28,VN,beauty,9666,0.1112,0.5096,0.3439,231.54,2553,283,0.26,18-24
29,KOL_29,ID,home,30374,0.0722,0.8023,0.2305,219.51,8622,622,0.91,18-24
30,KOL_30,ID,home,7939,0.2295,0.5335,0.2662,188.42,2437,559,0.55,25-34
31,KOL_31,SG,beauty,24663,0.0538,0.9328,0.2635,1782.24,8550,459,0.55,25-34
32,KOL_32,MY,home,6050,0.1954,0.9805,0.271,476.27,1768,345,0.67,25-34
33,KOL_33,ID,fashion,526118,0.1055,0.948,0.2176,2093.49,143133,15100,0.88,18-24
34,KOL_34,VN,fashion,6442,0.2497,0.7689,0.2767,261.92,1720,429,0.38,18-24
35,KOL_35,ID,fashion,333239,0.0495,0.5448,0.1224,486.63,95966,4750,0.4,25-34
36,KOL_36,SG,home,910892,0.0516,0.5798,0.2139,4155.97,242841,12530,0.88,25-34
37,KOL_37,TH,fmcg,5349,0.1108,0.542,0.3106,316.08,1860,206,0.12,35+
38,KOL_38,SG,fashion,1727,0.2056,0.9479,0.2864,1027.53,449,92,0.95,25-34
39,KOL_39,TH,fmcg,96951,0.1421,0.5102,0.2126,1012.09,29082,4132,0.55,18-24
40,KOL_40,TH,fmcg,59695,0.1283,0.7309,0.2348,997.47,14927,1915,0.3,18-24
41,KOL_41,VN,fashion,86019,0.101,0.6093,0.2311,452.54,24285,2452,0.66,25-34
42,KOL_42,ID,home,92960,0.0949,0.9664,0.2025,424.48,26502,2515,0.15,18-24
43,KOL_43,VN,fashion,8784,0.2402,0.6188,0.3218,312.96,2589,621,0.49,18-24
44,KOL_44,PH,fashion,1090,0.3,0.9198,0.2676,127.77,362,108,0.52,18-24
45,KOL_45,SG,home,25906,0.0984,0.7673,0.275,1431.49,8288,815,0.61,35+
46,KOL_46,VN,fmcg,547471,0.0894,0.928,0.165,488.38,186136,16640,0.25,35+
47,KOL_47,VN,home,9540,0.1815,0.6079,0.2734,115.84,2728,495,0.32,35+
48,KOL_48,MY,fmcg,3471,0.1548,0.7945,0.2908,342.96,1145,177,0.47,18-24
49,KOL_49,MY,fmcg,7883,0.1923,0.9622,0.2977,649.01,2330,448,0.3,25-34
50,KOL_50,SG,fashion,976326,0.0637,0.6823,0.1688,6799.99,279855,17826,0.44,18-24
51,KOL_51,SG,beauty,7624,0.2698,0.9437,0.3407,2885.92,2512,677,0.56,18-24
52,KOL_52,PH,home,8022,0.1257,0.3352,0.2712,67.65,2339,294,0.34,25-34
53,KOL_53,SG,beauty,7906,0.1316,0.3136,0.35,1215.43,2334,307,0.22,18-24
54,KOL_54,MY,fashion,783415,0.0282,0.4731,0.1439,1367.36,257924,7273,0.67,35+
55,KOL_55,SG,beauty,587624,0.0853,0.4175,0.1978,5501.01,157638,13446,0.96,18-24
56,KOL_56,VN,fashion,50888,0.116,0.5627,0.1876,291.01,14711,1706,0.1,25-34
57,KOL_57,MY,home,729578,0.0941,0.6962,0.1733,1955.64,230966,21733,0.07,35+
58,KOL_58,VN,fmcg,7882,0.2332,0.9726,0.3207,188.31,2415,563,0.18,35+
59,KOL_59,PH,fmcg,2132808,0.0641,0.8422,0.1326,805.17,688515,44133,0.27,18-24
60,KOL_60,SG,fmcg,190873,0.0488,0.8253,0.1536,1735.17,63915,3119,0.85,18-24
61,KOL_61,VN,home,56507,0.1216,0.9162,0.2356,244.13,18359,2232,0.95,18-24
62,KOL_62,VN,fmcg,7658,0.213,0.7834,0.2948,146.36,1932,411,0.09,18-24
63,KOL_63,SG,home,41890,0.0755,0.6313,0.2226,1170.68,13182,995,0.35,25-34
64,KOL_64,VN,fashion,5118,0.1558,0.5209,0.2692,147.66,1658,258,0.48,35+
65,KOL_65,TH,fashion,78765,0.1209,0.8828,0.2161,1753.34,22167,2679,0.01,35+
66,KOL_66,ID,fmcg,1745,0.2996,0.7882,0.2603,142.97,439,131,0.57,25-34
67,KOL_67,PH,beauty,54657,0.0522,0.9587,0.2622,377.53,16947,884,0.49,35+
68,KOL_68,MY,fashion,17026,0.062,0.9644,0.1918,568.79,5821,360,0.42,35+
69,KOL_69,TH,fmcg,336651,0.0813,0.936,0.1505,1367.73,88110,7163,0.61,35+
70,KOL_70,ID,fashion,4404,0.2092,0.3568,0.3052,232.09,1181,247,0.0,25-34
71,KOL_71,VN,fmcg,71592,0.0662,0.7949,0.1871,159.49,19810,1311,0.92,35+
72,KOL_72,TH,fashion,35928,0.0879,0.7533,0.1871,807.56,9661,849,0.79,35+
73,KOL_73,TH,fmcg,84607,0.1388,0.6281,0.2743,1337.63,29351,4073,0.54,25-34
74,KOL_74,MY,beauty,1653,0.2974,0.7226,0.2729,438.82,560,166,0.59,18-24
75,KOL_75,ID,fmcg,3819754,0.0709,0.8342,0.1019,1310.45,1186794,84143,0.92,18-24
76,KOL_76,TH,fmcg,2828235,0.0579,0.3639,0.0833,1154.56,761899,44113,0.86,25-34
77,KOL_77,SG,beauty,74942,0.0813,0.8695,0.2255,3155.56,21311,1732,0.25,18-24
78,KOL_78,SG,fmcg,2695234,0.0789,0.3008,0.0913,2975.11,772156,60923,0.52,35+
79,KOL_79,ID,home,755789,0.0527,0.4869,0.1638,517.89,252479,13305,0.12,35+
80,KOL_80,PH,beauty,41365,0.1114,0.3096,0.2025,210.56,11270,1255,0.46,18-24
81,KOL_81,TH,fmcg,30181,0.101,0.6562,0.2635,669.16,9479,957,0.24,35+
82,KOL_82,MY,home,4122,0.2851,0.9155,0.3273,554.17,1242,354,0.34,35+
83,KOL_83,VN,fmcg,1042,0.1471,0.7109,0.3365,48.78,317,46,0.54,25-34
84,KOL_84,VN,fashion,9903,0.1982,0.9087,0.3072,349.2,2714,537,0.86,25-34
85,KOL_85,VN,fashion,8749,0.2636,0.5703,0.2995,292.34,2224,586,0.13,35+
86,KOL_86,PH,beauty,2644,0.2699,0.6682,0.3222,193.69,870,234,0.87,18-24
87,KOL_87,TH,fmcg,5342,0.1774,0.7549,0.3454,524.56,1834,325,0.87,18-24
88,KOL_88,VN,beauty,40771,0.1232,0.9982,0.2234,455.09,10596,1305,0.76,35+
89,KOL_89,TH,beauty,565231,0.0391,0.3203,0.1493,1055.92,165873,6485,0.43,18-24
90,KOL_90,SG,fmcg,84177,0.104,0.4225,0.242,1896.36,24990,2598,0.5,35+
91,KOL_91,PH,home,8555,0.2248,0.7668,0.3178,165.59,2300,517,0.07,25-34
92,KOL_92,TH,fashion,2254744,0.057,0.4751,0.1499,3277.61,787382,44880,0.48,18-24
93,KOL_93,VN,fmcg,6881,0.2467,0.5067,0.2774,112.98,2299,567,0.87,35+
94,KOL_94,TH,fashion,4819405,0.0563,0.9329,0.1107,4928.44,1389568,78232,0.22,18-24
95,KOL_95,ID,beauty,98835,0.133,0.7766,0.2703,1096.45,25354,3372,0.31,25-34
96,KOL_96,VN,fmcg,6977,0.2162,0.5066,0.2676,102.73,1880,406,0.79,25-34
97,KOL_97,PH,home,45720,0.1218,0.8773,0.2547,241.55,14204,1730,0.8,25-34
98,KOL_98,VN,fmcg,1590378,0.0599,0.7734,0.1467,553.02,543691,32567,0.37,25-34
99,KOL_99,TH,fmcg,9791,0.1198,0.8243,0.3322,586.53,3410,408,0.37,35+
100,KOL_100,SG,fashion,1410,0.2537,0.5296,0.3148,847.35,471,119,0.91,25-34
101,KOL_101,PH,beauty,25292,0.0628,0.5131,0.1897,149.08,8524,535,0.14,25-34
102,KOL_102,PH,beauty,9850,0.1972,0.4082,0.3334,258.44,3093,609,0.41,25-34
103,KOL_103,TH,beauty,7070,0.1411,0.4653,0.3481,630.45,2144,302,0.54,35+
104,KOL_104,PH,beauty,7523,0.177,0.9643,0.3163,312.03,2537,449,0.64,18-24
105,KOL_105,MY,fashion,6464,0.132,0.6952,0.3086,698.58,1854,244,0.33,18-24
106,KOL_106,ID,home,724933,0.0334,0.4013,0.1999,447.34,195641,6534,0.66,18-24
107,KOL_107,ID,home,6869,0.2377,0.5266,0.2552,169.89,2148,510,0.53,35+
108,KOL_108,SG,fashion,8344,0.2566,0.3763,0.3445,1912.39,2130,546,0.73,35+
109,KOL_109,PH,fmcg,70036,0.0952,0.999,0.2486,363.07,21525,2049,0.71,25-34
110,KOL_110,SG,home,2323,0.1471,0.3883,0.2881,390.62,732,107,0.53,25-34
111,KOL_111,VN,fashion,66387,0.054,0.897,0.223,340.35,18468,997,0.41,25-34
112,KOL_112,ID,fmcg,2557,0.1534,0.4784,0.2567,95.15,852,130,0.09,25-34
113,KOL_113,SG,home,7105,0.2668,0.7105,0.317,1369.3,2196,585,0.35,35+
114,KOL_114,SG,home,543482,0.0968,0.9779,0.1552,4143.22,173744,16818,0.51,18-24
115,KOL_115,MY,home,39392,0.1272,0.6894,0.2374,720.22,13154,1673,0.43,35+
116,KOL_116,SG,home,4432732,0.0603,0.6897,0.0529,2673.37,1251455,75462,0.7,25-34
117,KOL_117,PH,beauty,468075,0.0338,0.6964,0.1342,387.8,158514,5357,0.97,18-24
118,KOL_118,TH,home,38197,0.0802,0.4102,0.2577,459.75,11874,952,0.6,18-24
119,KOL_119,PH,fmcg,1815,0.2187,0.7634,0.2914,90.77,509,111,0.75,18-24
120,KOL_120,VN,home,2816,0.165,0.6406,0.2545,57.34,906,149,0.98,18-24
121,KOL_121,TH,home,5938,0.3,0.8349,0.262,508.53,1994,598,0.75,18-24
122,KOL_122,TH,beauty,9725,0.2408,0.8833,0.2897,1107.65,3190,768,0.04,18-24
123,KOL_123,VN,fmcg,20205,0.1379,0.7014,0.209,128.31,5880,810,0.02,25-34
124,KOL_124,MY,fashion,8538,0.3,0.3617,0.2936,830.59,2545,763,0.52,25-34
125,KOL_125,SG,beauty,882034,0.0511,0.4177,0.1731,4566.33,245924,12566,0.91,25-34
126,KOL_126,SG,fashion,3419,0.1316,0.4381,0.326,895.08,1190,156,0.08,35+
127,KOL_127,SG,home,83889,0.1217,0.9469,0.2664,3082.9,26151,3182,0.15,18-24
128,KOL_128,SG,beauty,92756,0.0684,0.3393,0.211,1882.24,30593,2092,0.04,25-34
129,KOL_129,SG,fmcg,180459,0.0859,0.3632,0.1663,1607.71,46459,3990,0.45,35+
130,KOL_130,PH,beauty,52143,0.1066,0.9704,0.2611,527.92,15848,1689,0.98,18-24
131,KOL_131,SG,fashion,32617,0.0471,0.9937,0.2164,1653.48,9313,438,0.39,25-34
132,KOL_132,MY,fmcg,16863,0.1324,0.3461,0.2084,330.69,5697,754,0.85,35+
133,KOL_133,TH,fmcg,449556,0.0375,0.9417,0.1329,950.81,117941,4422,0.31,25-34
134,KOL_134,VN,beauty,53054,0.1361,0.8803,0.2446,561.02,16732,2277,0.51,18-24
135,KOL_135,ID,fashion,3953,0.2765,0.8363,0.35,443.81,1067,295,0.08,18-24
136,KOL_136,TH,fashion,80748,0.147,0.3264,0.2397,1320.31,21450,3153,0.16,35+
137,KOL_137,TH,fashion,948344,0.0994,0.3306,0.217,3389.76,317117,31521,0.28,35+
138,KOL_138,PH,fashion,345370,0.0635,0.866,0.1568,594.91,115217,7316,0.46,25-34
139,KOL_139,SG,fashion,627336,0.0763,0.8718,0.2073,8281.51,160253,12227,0.64,25-34
140,KOL_140,MY,fashion,23446,0.1188,0.3873,0.2073,632.81,7963,946,0.15,25-34
141,KOL_141,PH,beauty,4637,0.2937,0.9513,0.2896,286.97,1351,396,0.24,18-24
142,KOL_142,TH,fashion,1461,0.144,0.8003,0.2638,302.9,438,63,0.92,25-34
143,KOL_143,MY,beauty,28191,0.1223,0.7307,0.2056,880.43,7660,936,0.55,35+
144,KOL_144,MY,fashion,65476,0.0489,0.5108,0.222,834.45,22872,1118,0.62,18-24
145,KOL_145,ID,fashion,9189,0.1875,0.6608,0.2791,394.96,2298,430,0.61,18-24
146,KOL_146,MY,beauty,34551,0.099,0.9823,0.219,1083.0,10563,1045,0.04,25-34
147,KOL_147,ID,beauty,2063887,0.0621,0.3473,0.1272,1077.42,708696,44010,0.76,18-24
148,KOL_148,VN,fmcg,9945,0.1749,0.8813,0.3481,189.28,2976,520,0.63,18-24
149,KOL_149,MY,home,8498,0.0978,0.8538,0.3433,472.04,2652,259,0.4,35+
150,KOL_150,MY,home,14799,0.1115,0.5499,0.2073,322.33,4453,496,0.44,25-34
151,KOL_151,TH,home,60678,0.07,0.7844,0.2601,755.61,21126,1478,0.42,25-34
152,KOL_152,VN,home,33652,0.0946,0.356,0.2106,92.6,10881,1029,0.72,18-24
153,KOL_153,SG,fmcg,56077,0.0953,0.9381,0.2075,1892.95,14489,1380,0.08,35+
154,KOL_154,ID,fmcg,77251,0.135,0.967,0.1835,498.58,19863,2681,0.24,35+
155,KOL_155,PH,home,7272,0.2492,0.4074,0.2872,105.88,1896,472,0.57,35+
156,KOL_156,VN,fashion,6150,0.2126,0.3794,0.2999,179.78,1934,411,0.91,18-24
157,KOL_157,VN,fmcg,5264,0.2202,0.7283,0.27,108.95,1454,320,0.85,25-34
158,KOL_158,TH,home,8292,0.3,0.9773,0.321,796.56,2636,790,0.54,25-34
159,KOL_159,TH,fashion,846386,0.0845,0.4219,0.1321,2030.45,237938,20105,0.79,18-24
160,KOL_160,SG,fashion,127561,0.0565,0.6272,0.1812,2382.44,33302,1881,0.07,25-34
161,KOL_161,SG,beauty,4015158,0.0474,0.5866,0.0625,4014.96,1170003,55458,0.64,25-34
162,KOL_162,VN,fashion,77811,0.0867,0.8462,0.2568,522.22,20510,1778,0.43,18-24
163,KOL_163,VN,fashion,643270,0.0366,0.5259,0.1546,463.0,222481,8142,0.52,25-34
164,KOL_164,VN,home,362779,0.0497,0.4921,0.1814,223.15,96817,4811,0.5,18-24
165,KOL_165,SG,home,86106,0.0597,0.8044,0.2643,2000.42,22200,1325,0.83,18-24
166,KOL_166,VN,beauty,5336,0.2487,0.5916,0.2998,241.67,1630,405,0.64,25-34
167,KOL_167,ID,fmcg,99783,0.0835,0.782,0.2216,483.98,32554,2718,0.2,35+
168,KOL_168,ID,home,6231,0.2736,0.9828,0.3015,280.17,1666,455,0.32,25-34
169,KOL_169,PH,fmcg,8366,0.1315,0.5031,0.2748,115.69,2254,296,0.81,35+
170,KOL_170,PH,home,34881,0.1239,0.6603,0.2297,166.49,9088,1126,0.95,35+
171,KOL_171,PH,fmcg,41552,0.0609,0.3354,0.2086,108.75,10454,636,0.85,25-34
172,KOL_172,PH,beauty,5333,0.2649,0.5562,0.307,236.9,1532,405,0.36,25-34
173,KOL_173,SG,beauty,9261,0.1929,0.8777,0.2629,2001.48,2414,465,0.39,25-34
174,KOL_174,SG,beauty,57920,0.1119,0.6564,0.1845,2313.63,15602,1745,0.71,25-34
175,KOL_175,SG,home,29521,0.1072,0.5296,0.1963,945.85,9905,1061,0.74,25-34
176,KOL_176,TH,fmcg,76494,0.1324,0.7961,0.2616,1333.78,22141,2931,0.33,18-24
177,KOL_177,VN,beauty,3448225,0.0431,0.9105,0.1097,1160.91,1001270,43154,0.97,35+
178,KOL_178,SG,fmcg,16731,0.0939,0.7403,0.1948,855.94,5577,523,0.24,35+
179,KOL_179,PH,fashion,215234,0.0426,0.5931,0.161,326.87,73845,3145,0.92,35+
180,KOL_180,PH,fmcg,28098,0.0988,0.9987,0.2114,199.19,7734,764,0.46,35+
181,KOL_181,VN,home,6804,0.2611,0.7765,0.311,150.85,1897,495,0.96,25-34
182,KOL_182,VN,fashion,39473,0.1643,0.8398,0.249,494.61,11870,1950,0.32,25-34
183,KOL_183,PH,home,45842,0.0732,0.6802,0.2755,178.59,12659,926,0.29,25-34
184,KOL_184,PH,fashion,1331474,0.0401,0.4795,0.0702,309.23,403944,16198,0.93,35+
185,KOL_185,VN,fashion,2789,0.2289,0.4697,0.3138,146.26,723,165,0.1,25-34
186,KOL_186,ID,fmcg,23178,0.1024,0.9752,0.2453,319.3,7743,792,0.48,18-24
187,KOL_187,MY,fashion,401199,0.0548,0.9356,0.1735,2312.75,102744,5630,0.91,18-24
188,KOL_188,PH,fashion,33040,0.1229,0.8853,0.2737,451.79,9445,1160,0.88,18-24
189,KOL_189,VN,fmcg,2758,0.2716,0.618,0.3389,101.27,758,205,0.85,25-34
190,KOL_190,VN,fashion,2845,0.1777,0.7538,0.2514,132.09,883,156,0.79,35+
191,KOL_191,PH,home,35318,0.0656,0.9279,0.1887,118.71,11571,759,0.1,18-24
192,KOL_192,TH,home,42512,0.0393,0.6127,0.2102,338.47,10721,421,0.26,25-34
193,KOL_193,VN,home,18142,0.1123,0.4118,0.249,94.19,5843,656,0.92,25-34
194,KOL_194,VN,home,4618,0.128,0.4072,0.2916,59.08,1436,183,0.91,35+
195,KOL_195,MY,fmcg,965709,0.0419,0.8283,0.1728,1805.78,288846,12102,0.08,35+
196,KOL_196,ID,home,9972,0.2555,0.6757,0.3354,315.93,2945,752,0.12,18-24
197,KOL_197,PH,fashion,74071,0.0502,0.8661,0.2313,361.36,22260,1117,0.56,35+
198,KOL_198,VN,fashion,50392,0.1158,0.8715,0.2378,456.44,12969,1501,0.42,35+
199,KOL_199,MY,home,1987,0.2498,0.9536,0.2909,326.69,693,173,0.14,35+
200,KOL_200,PH,fmcg,3709021,0.0749,0.9239,0.0876,794.17,1285202,96261,0.96,35+
201,KOL_201,ID,fashion,6697,0.142,0.5751,0.3335,327.11,1698,241,0.98,25-34
202,KOL_202,PH,home,81361,0.0835,0.4608,0.1955,148.41,21884,1827,0.94,35+
203,KOL_203,MY,fashion,133783,0.0846,0.8362,0.1406,1271.33,35098,2969,0.59,25-34
204,KOL_204,SG,fashion,16380,0.0578,0.6073,0.2554,1197.62,5684,328,0.06,35+
205,KOL_205,SG,home,1982145,0.0737,0.5232,0.0737,2398.22,533090,39288,0.99,35+
206,KOL_206,VN,fashion,5923,0.1577,0.7142,0.3126,217.31,1917,302,0.56,18-24
207,KOL_207,VN,fmcg,4949300,0.0565,0.6671,0.0908,544.66,1394552,78792,0.38,35+
208,KOL_208,MY,fmcg,39536,0.0776,0.864,0.2768,813.49,12166,944,0.53,25-34
209,KOL_209,TH,beauty,4331,0.1451,0.6149,0.3036,501.68,1507,218,0.19,25-34
210,KOL_210,VN,fashion,1647,0.249,0.8332,0.2979,148.21,497,123,0.3,18-24
211,KOL_211,PH,fashion,4113,0.2588,0.9997,0.3196,287.02,1388,359,0.2,18-24
212,KOL_212,TH,home,47101,0.0827,0.5515,0.2313,539.54,15848,1310,0.47,35+
213,KOL_213,SG,fashion,51973,0.1351,0.5898,0.2541,3197.71,13125,1773,0.26,35+
214,KOL_214,SG,fashion,64732,0.0659,0.461,0.2299,1993.8,21545,1419,0.94,25-34
215,KOL_215,ID,home,9005,0.3,0.6434,0.2669,252.62,2988,896,0.55,18-24
216,KOL_216,MY,beauty,668472,0.1129,0.6668,0.1964,3758.7,221171,24970,0.14,35+
217,KOL_217,SG,fmcg,3474,0.102,0.5612,0.3159,573.97,877,89,0.01,35+
218,KOL_218,MY,fmcg,12192,0.0916,0.9842,0.2606,493.18,3415,312,0.11,18-24
219,KOL_219,TH,fmcg,41584,0.0616,0.8707,0.1879,503.85,13722,845,0.46,18-24
220,KOL_220,VN,beauty,1947314,0.0417,0.3564,0.0594,290.73,586250,24446,0.38,25-34
221,KOL_221,VN,home,1154,0.2105,0.8917,0.3066,58.93,398,83,0.97,35+
222,KOL_222,PH,home,340928,0.0497,0.9213,0.1247,211.4,90104,4478,0.68,25-34
223,KOL_223,MY,fashion,690883,0.0688,0.8953,0.1787,3426.33,224925,15474,0.93,25-34
224,KOL_224,SG,home,4939,0.2357,0.7739,0.2884,1018.87,1613,380,0.14,35+
225,KOL_225,ID,beauty,75639,0.1164,0.3684,0.2141,489.53,25209,2934,0.61,35+
226,KOL_226,PH,fashion,6347,0.0987,0.9948,0.2856,196.28,1971,194,0.43,35+
227,KOL_227,VN,beauty,59816,0.0512,0.8586,0.1882,277.65,16217,830,0.38,35+
228,KOL_228,TH,fmcg,7383,0.1441,0.3036,0.286,291.87,2121,305,0.1,18-24
229,KOL_229,MY,home,8353,0.2122,0.3723,0.3054,404.97,2699,572,0.6,25-34
230,KOL_230,SG,fashion,112941,0.0487,0.3593,0.1772,1540.49,31013,1510,0.69,18-24
231,KOL_231,TH,fmcg,5933,0.1374,0.417,0.28,293.14,1561,214,0.36,18-24
232,KOL_232,TH,beauty,74985,0.0957,0.3749,0.2749,1198.61,21467,2054,0.84,25-34
233,KOL_233,VN,fashion,445550,0.0595,0.8765,0.15,615.41,150920,8979,0.95,18-24
234,KOL_234,VN,fmcg,33283,0.1666,0.504,0.2768,203.22,11522,1919,0.24,25-34
235,KOL_235,SG,fashion,7437,0.1954,0.4399,0.3182,1573.27,2423,473,0.03,35+
236,KOL_236,PH,fmcg,37479,0.0827,0.785,0.1939,171.15,10610,877,0.24,35+
237,KOL_237,PH,fmcg,7932,0.2249,0.9935,0.3034,228.56,2691,605,0.42,18-24
238,KOL_238,MY,beauty,476994,0.0865,0.7157,0.1969,2886.62,162345,14042,0.66,18-24
239,KOL_239,TH,fmcg,15806,0.1064,0.7527,0.1906,385.05,4152,441,0.26,35+
240,KOL_240,PH,fmcg,83137,0.1062,0.612,0.2572,338.33,28984,3078,0.15,18-24
241,KOL_241,VN,fashion,48722,0.0976,0.3812,0.2148,246.16,14990,1463,0.46,18-24
242,KOL_242,TH,beauty,55652,0.0907,0.7877,0.21,1113.19,14855,1347,0.02,25-34
243,KOL_243,SG,fashion,98754,0.1445,0.8183,0.2352,4970.5,30111,4351,0.56,25-34
244,KOL_244,PH,beauty,7636,0.2047,0.7601,0.3237,307.17,2111,432,0.45,25-34
245,KOL_245,MY,beauty,4519,0.1518,0.8661,0.33,686.25,1404,213,0.19,25-34
246,KOL_246,VN,home,2867,0.1691,0.6694,0.3097,72.86,917,155,0.59,25-34
247,KOL_247,TH,beauty,8501,0.2445,0.7942,0.3172,1083.39,2445,597,0.12,25-34
248,KOL_248,ID,fmcg,7116,0.2395,0.5928,0.2923,251.37,2277,545,0.64,35+
249,KOL_249,TH,fmcg,281650,0.0686,0.3982,0.1819,905.95,82177,5637,0.95,25-34
250,KOL_250,VN,fmcg,7290,0.2932,0.6465,0.2916,150.54,2277,667,0.49,18-24
251,KOL_251,ID,fmcg,38905,0.0673,0.6763,0.2366,269.39,12890,867,0.77,35+
252,KOL_252,TH,beauty,85066,0.0569,0.8763,0.256,1401.57,28497,1621,0.55,25-34
253,KOL_253,TH,beauty,5055,0.1834,0.6148,0.2939,589.86,1324,242,0.78,18-24
254,KOL_254,SG,fashion,6744,0.2812,0.5997,0.3285,2166.5,1897,533,0.81,35+
255,KOL_255,TH,home,5605,0.1975,0.9853,0.3073,510.78,1927,380,0.99,35+
256,KOL_256,TH,fashion,242176,0.1057,0.9431,0.1901,2613.75,64892,6859,0.25,35+
257,KOL_257,SG,home,5055,0.2656,0.6426,0.3128,1081.42,1456,386,0.45,35+
258,KOL_258,TH,fmcg,906234,0.0367,0.4948,0.215,1565.99,269457,9889,0.58,35+
259,KOL_259,SG,fmcg,8511,0.2404,0.8951,0.2718,1498.61,2567,617,0.82,25-34
260,KOL_260,PH,home,5646,0.1715,0.6963,0.3394,119.57,1460,250,0.05,35+
261,KOL_261,PH,beauty,581907,0.0352,0.4106,0.2192,553.41,173513,6107,0.2,35+
262,KOL_262,MY,home,781572,0.0569,0.9136,0.145,1508.69,244131,13891,0.66,35+
263,KOL_263,PH,beauty,7493,0.2404,0.8287,0.3204,340.79,1874,450,0.21,18-24
264,KOL_264,TH,beauty,4705,0.2005,0.3056,0.3488,497.89,1392,279,0.69,25-34
265,KOL_265,TH,home,7276,0.1287,0.3722,0.2637,247.78,1955,251,0.64,35+
266,KOL_266,TH,fashion,9691,0.2197,0.4149,0.3128,822.66,2578,566,0.92,35+
267,KOL_267,SG,fmcg,38474,0.0436,0.8267,0.2152,1032.52,11377,496,0.31,18-24
268,KOL_268,TH,beauty,2380,0.1542,0.8048,0.3348,483.71,763,117,0.88,18-24
269,KOL_269,ID,fmcg,76784,0.0588,0.7523,0.2186,344.71,21170,1244,0.5,35+
270,KOL_270,SG,fmcg,1197,0.3,0.3924,0.2865,438.17,387,116,0.17,25-34
271,KOL_271,ID,beauty,4231154,0.025,0.3097,0.1423,1033.97,1471604,36790,0.4,25-34
272,KOL_272,VN,fashion,75673,0.1215,0.5816,0.2077,408.79,21456,2606,0.08,18-24
273,KOL_273,VN,beauty,1651699,0.0505,0.744,0.081,580.51,527609,26644,0.73,18-24
274,KOL_274,MY,home,2412,0.2521,0.7286,0.3166,343.99,771,194,0.74,18-24
275,KOL_275,SG,home,3248,0.2161,0.9671,0.2667,817.84,876,189,0.75,25-34
276,KOL_276,TH,beauty,25473,0.1072,0.865,0.2063,842.86,8729,935,0.63,25-34
277,KOL_277,ID,home,57202,0.0511,0.4168,0.2573,203.89,19001,970,0.67,18-24
278,KOL_278,MY,fmcg,9336,0.1113,0.3086,0.2864,292.75,2487,276,0.18,18-24
279,KOL_279,VN,home,95944,0.0815,0.5914,0.2071,183.92,25262,2058,0.57,18-24
280,KOL_280,PH,beauty,16903,0.0652,0.987,0.2677,243.06,4803,313,0.77,25-34
281,KOL_281,TH,fashion,8483,0.0925,0.6947,0.2964,612.35,2725,252,0.97,18-24
282,KOL_282,PH,beauty,81638,0.1142,0.3045,0.2033,298.19,23247,2654,0.64,35+
283,KOL_283,VN,home,451292,0.0315,0.8943,0.1304,192.01,147544,4647,0.98,25-34
284,KOL_284,MY,fashion,17850,0.1312,0.4959,0.2697,854.24,5527,725,0.41,25-34
285,KOL_285,PH,beauty,21128,0.1041,0.7461,0.2392,266.75,5537,576,0.43,18-24
286,KOL_286,VN,home,5276,0.3,0.5751,0.2818,111.03,1597,479,0.23,18-24
287,KOL_287,PH,beauty,2785,0.1179,0.6262,0.3036,119.85,802,94,0.45,25-34
288,KOL_288,VN,beauty,2964,0.129,0.513,0.2715,109.39,908,117,0.15,35+
289,KOL_289,ID,beauty,6828,0.155,0.5092,0.3452,321.73,2170,336,0.56,35+
290,KOL_290,MY,fashion,8570,0.131,0.385,0.2631,508.41,2986,391,0.4,35+
291,KOL_291,MY,beauty,94500,0.0505,0.9422,0.2797,1600.1,26864,1356,0.9,25-34
292,KOL_292,MY,fmcg,196447,0.1026,0.5321,0.1251,739.5,67917,6968,0.43,35+
293,KOL_293,ID,home,1483,0.1727,0.5478,0.278,74.75,408,70,0.03,35+
294,KOL_294,MY,beauty,94840,0.0705,0.6855,0.208,1201.36,25958,1830,0.42,35+
295,KOL_295,MY,fmcg,651357,0.0545,0.6806,0.1982,1758.48,186374,10157,0.48,25-34
296,KOL_296,SG,fashion,9231,0.153,0.3182,0.2529,1048.53,3138,480,0.78,18-24
297,KOL_297,ID,beauty,594597,0.0724,0.9997,0.1448,1206.02,164454,11906,0.27,35+
298,KOL_298,ID,fashion,4594,0.2463,0.5719,0.2737,292.01,1311,322,0.81,35+
299,KOL_299,ID,fashion,1462,0.23,0.6974,0.3337,214.32,491,112,0.54,18-24
300,KOL_300,PH,beauty,21830,0.0476,0.3139,0.2132,106.01,6283,299,0.81,25-34
301,KOL_301,ID,beauty,52413,0.0416,0.7933,0.2646,441.81,16092,669,0.96,25-34
302,KOL_302,ID,fashion,96787,0.0735,0.5112,0.2532,640.41,31354,2304,0.79,25-34
303,KOL_303,SG,home,32833,0.12,0.9227,0.2023,1435.65,10620,1274,0.81,25-34
304,KOL_304,SG,fmcg,5825,0.1341,0.9642,0.3351,1184.85,2037,273,0.03,35+
305,KOL_305,TH,beauty,4619,0.2009,0.6473,0.2738,564.12,1318,264,0.17,18-24
306,KOL_306,TH,fashion,802572,0.0834,0.6126,0.145,2598.29,209528,17474,0.35,18-24
307,KOL_307,PH,fmcg,16310,0.0882,0.9784,0.2682,180.05,4797,423,0.55,18-24
308,KOL_308,ID,fmcg,927044,0.0946,0.781,0.1274,902.13,236140,22338,0.29,25-34
309,KOL_309,VN,beauty,2715,0.1035,0.5628,0.3047,110.24,726,75,0.34,35+
310,KOL_310,PH,fashion,838727,0.0364,0.4155,0.1254,388.82,253079,9212,0.21,18-24
311,KOL_311,TH,home,82628,0.1277,0.4857,0.2038,734.27,21470,2741,0.39,35+
312,KOL_312,VN,fmcg,261051,0.0288,0.3613,0.14,101.34,66106,1903,0.21,35+
313,KOL_313,PH,fmcg,2342,0.1723,0.8494,0.3395,112.48,652,112,0.09,35+
314,KOL_314,TH,fmcg,7078,0.2662,0.612,0.2965,571.71,2001,532,0.84,35+
315,KOL_315,SG,fashion,2584,0.1117,0.679,0.3054,836.11,844,94,0.82,25-34
316,KOL_316,PH,home,3881772,0.0715,0.9172,0.0579,396.37,1344944,96163,0.03,35+
317,KOL_317,PH,fashion,939334,0.0801,0.4032,0.2149,1030.47,256744,20565,0.97,18-24
318,KOL_318,VN,fashion,7936,0.122,0.4413,0.3334,185.5,2248,274,0.32,35+
319,KOL_319,TH,fmcg,170268,0.0367,0.6864,0.2117,787.27,42972,1577,0.79,35+
320,KOL_320,SG,beauty,64997,0.0469,0.6966,0.2725,2414.26,20859,978,0.78,25-34
321,KOL_321,SG,fmcg,460573,0.085,0.7584,0.1237,2746.1,133192,11321,0.4,35+
322,KOL_322,ID,beauty,62654,0.0494,0.532,0.2546,414.8,17864,882,0.9,18-24
323,KOL_323,VN,beauty,5965,0.1789,0.9008,0.3472,309.69,1724,308,0.13,35+
324,KOL_324,ID,fmcg,52056,0.0679,0.7519,0.2011,280.5,16349,1110,0.74,35+
325,KOL_325,VN,fmcg,960900,0.0369,0.3459,0.1336,205.49,308944,11400,0.88,18-24
326,KOL_326,TH,fashion,4288,0.2473,0.6195,0.2774,629.16,1493,369,0.46,25-34
327,KOL_327,PH,fashion,26236,0.106,0.6422,0.2761,321.21,8502,901,0.59,25-34
328,KOL_328,PH,beauty,5237,0.2639,0.4995,0.2663,192.63,1529,403,0.86,35+
329,KOL_329,VN,beauty,4387,0.1496,0.314,0.2974,122.83,1164,174,0.65,35+
330,KOL_330,VN,home,334640,0.052,0.5138,0.1624,200.54,108332,5633,0.85,25-34
331,KOL_331,SG,beauty,8646,0.1614,0.7365,0.2507,1545.24,2839,458,0.97,25-34
332,KOL_332,MY,home,87826,0.1005,0.3757,0.2788,828.71,27283,2741,0.86,25-34
333,KOL_333,MY,fmcg,95389,0.0652,0.8358,0.2461,1012.83,26139,1704,0.72,35+
334,KOL_334,MY,fashion,48745,0.0669,0.5718,0.2143,860.09,14007,937,0.69,35+
335,KOL_335,VN,fashion,804506,0.0518,0.419,0.1494,531.35,262832,13614,0.13,25-34
336,KOL_336,TH,beauty,83273,0.1121,0.7758,0.2022,1446.52,24477,2743,0.74,25-34
337,KOL_337,MY,fmcg,53426,0.083,0.6246,0.1854,556.97,18552,1539,0.58,35+
338,KOL_338,TH,fmcg,4187,0.2222,0.5672,0.2554,333.12,1124,249,0.14,18-24
339,KOL_339,MY,fmcg,8496,0.1426,0.4262,0.2833,367.48,2305,328,0.31,18-24
340,KOL_340,ID,fmcg,5481,0.1535,0.7034,0.3285,216.22,1460,224,0.13,25-34
341,KOL_341,SG,fashion,62873,0.0866,0.3033,0.2531,2011.32,15833,1371,0.89,35+
342,KOL_342,TH,home,1067,0.2084,0.7855,0.2629,174.86,316,65,0.5,25-34
343,KOL_343,SG,home,1749,0.1496,0.8095,0.2934,502.57,471,70,0.34,25-34
344,KOL_344,MY,fashion,4087,0.1492,0.8684,0.2724,582.61,1089,162,0.21,18-24
345,KOL_345,PH,home,32149,0.0569,0.8545,0.2571,137.92,10589,602,0.05,18-24
346,KOL_346,PH,fmcg,95664,0.1141,0.3811,0.1924,222.04,28056,3201,0.47,18-24
347,KOL_347,TH,fashion,1152,0.168,0.7637,0.2919,314.03,301,50,0.51,35+
348,KOL_348,TH,fashion,2867,0.2568,0.7263,0.2858,584.82,926,237,0.3,18-24
349,KOL_349,MY,beauty,37222,0.115,0.4642,0.2707,1029.42,12726,1463,0.57,25-34
350,KOL_350,TH,fashion,2475,0.2233,0.8065,0.2957,552.43,694,154,0.26,18-24
351,KOL_351,VN,home,3862,0.3,0.5522,0.2926,96.65,1024,307,0.09,18-24
352,KOL_352,PH,home,3267,0.2097,0.5503,0.3378,88.99,864,181,0.37,25-34
353,KOL_353,VN,fmcg,7566,0.1777,0.885,0.33,158.09,2555,454,0.89,18-24
354,KOL_354,SG,fmcg,1960,0.3,0.3726,0.3302,629.71,663,198,0.44,35+
355,KOL_355,VN,fashion,6875,0.2464,0.916,0.2983,316.26,2218,546,0.11,25-34
356,KOL_356,VN,fashion,18301,0.0649,0.7932,0.2778,229.5,5946,385,0.87,35+
357,KOL_357,TH,fmcg,91033,0.0529,0.474,0.1949,528.73,23652,1251,0.01,18-24
358,KOL_358,PH,home,71510,0.1485,0.3524,0.2041,169.41,20156,2993,0.05,18-24
359,KOL_359,SG,fmcg,59628,0.0777,0.6214,0.1888,1305.16,18990,1475,0.45,18-24
360,KOL_360,SG,beauty,4125759,0.0521,0.5886,0.1326,9068.31,1348216,70242,0.96,35+
361,KOL_361,TH,home,9328,0.2223,0.6193,0.3325,599.7,3168,704,0.22,25-34
362,KOL_362,MY,fashion,8751,0.2334,0.6168,0.2502,825.38,2551,595,0.83,25-34
363,KOL_363,ID,fmcg,59006,0.1013,0.4149,0.1907,256.95,19755,2001,0.2,18-24
364,KOL_364,TH,beauty,511982,0.0495,0.4334,0.1957,1724.18,131042,6486,0.93,35+
365,KOL_365,PH,beauty,69048,0.0927,0.6529,0.233,414.68,17659,1636,0.55,25-34
366,KOL_366,VN,fashion,606391,0.1027,0.9371,0.193,1254.92,160011,16433,0.1,35+
367,KOL_367,VN,fashion,52184,0.0921,0.9857,0.2074,384.21,15854,1460,0.97,25-34
368,KOL_368,TH,home,244893,0.0624,0.8239,0.1912,1079.74,79362,4952,0.63,18-24
369,KOL_369,VN,fashion,5760,0.2673,0.3929,0.3004,198.85,1770,473,0.71,25-34
370,KOL_370,VN,home,86389,0.1079,0.5922,0.2677,259.75,28517,3076,0.81,35+
371,KOL_371,ID,home,7240,0.1357,0.4399,0.3183,150.23,1959,265,0.84,35+
372,KOL_372,MY,fashion,313911,0.0711,0.8698,0.1942,2514.93,96869,6887,0.39,35+
373,KOL_373,PH,fmcg,937626,0.0833,0.3329,0.1617,466.57,324209,27006,0.31,35+
374,KOL_374,PH,fashion,5117,0.1562,0.9023,0.3411,252.18,1640,256,0.71,25-34
375,KOL_375,ID,home,673168,0.0743,0.8074,0.1649,752.33,178052,13229,0.19,18-24
376,KOL_376,ID,fashion,25643,0.0797,0.6896,0.2384,375.37,7454,594,0.01,25-34
377,KOL_377,VN,home,30290,0.0501,0.7178,0.2291,98.75,9918,496,0.55,18-24
378,KOL_378,SG,fashion,433300,0.0759,0.6644,0.1616,4671.57,143520,10893,0.4,25-34
379,KOL_379,SG,fmcg,4495,0.2209,0.5055,0.3497,1009.42,1545,341,0.75,35+
380,KOL_380,SG,fashion,6668,0.2121,0.7296,0.3459,2172.91,1995,423,0.38,18-24
381,KOL_381,TH,fmcg,9851,0.2099,0.6618,0.2987,627.4,2766,580,0.9,18-24
382,KOL_382,SG,beauty,2349,0.2607,0.9694,0.3127,1464.8,640,166,0.67,18-24
383,KOL_383,VN,fmcg,544816,0.0807,0.8801,0.1847,504.59,140930,11373,0.75,18-24
384,KOL_384,TH,beauty,6434,0.0938,0.4246,0.3075,413.8,1842,172,0.91,25-34
385,KOL_385,SG,beauty,7626,0.1596,0.7713,0.3141,1850.27,2539,405,0.06,35+
386,KOL_386,VN,home,19514,0.0794,0.5029,0.2407,87.74,5455,433,0.77,25-34
387,KOL_387,PH,home,1504,0.1968,0.3955,0.346,50.79,412,81,0.3,35+
388,KOL_388,MY,fmcg,11461,0.1026,0.3863,0.2337,284.3,3039,311,0.3,35+
389,KOL_389,ID,fashion,55069,0.071,0.896,0.1984,492.51,18820,1336,0.83,18-24
390,KOL_390,PH,beauty,1891,0.3,0.996,0.2791,182.65,490,147,0.25,18-24
391,KOL_391,ID,beauty,73857,0.1385,0.7699,0.2085,742.86,19036,2636,0.9,25-34
392,KOL_392,SG,home,53036,0.1015,0.7089,0.2608,1896.26,16767,1701,0.17,25-34
393,KOL_393,TH,fashion,4629,0.2527,0.4937,0.318,676.22,1326,335,0.88,25-34
394,KOL_394,MY,home,50038,0.0826,0.7519,0.2659,765.14,13656,1127,0.89,18-24
395,KOL_395,VN,beauty,2252,0.2744,0.8947,0.3313,224.11,711,195,0.41,35+
396,KOL_396,PH,fashion,1600,0.2131,0.9991,0.2866,145.63,457,97,0.89,35+
397,KOL_397,TH,beauty,48141,0.0547,0.3634,0.2463,640.5,13393,732,0.76,18-24
398,KOL_398,ID,fmcg,33480,0.1043,0.9105,0.2739,417.88,8535,890,0.22,25-34
399,KOL_399,TH,fmcg,5331,0.15,0.4447,0.297,318.02,1798,269,0.88,18-24
400,KOL_400,TH,home,2359253,0.0299,0.7435,0.1079,1243.65,739277,22104,0.17,35+
401,KOL_401,SG,fmcg,2275,0.1958,0.9351,0.2853,750.19,791,154,0.35,25-34
402,KOL_402,MY,home,106919,0.0581,0.4159,0.1412,370.48,29792,1730,0.16,35+
403,KOL_403,MY,fmcg,25509,0.1098,0.5312,0.2475,544.91,8339,915,0.21,18-24
404,KOL_404,ID,fashion,63857,0.0366,0.7014,0.243,412.65,16286,596,0.89,18-24
405,KOL_405,SG,beauty,5231,0.2859,0.5838,0.3379,1919.62,1598,456,0.95,18-24
406,KOL_406,SG,fashion,71789,0.122,0.8813,0.2595,4458.42,24668,3009,0.77,35+
407,KOL_407,SG,beauty,44671,0.0617,0.9456,0.203,1992.53,14325,883,0.13,18-24
408,KOL_408,ID,fmcg,9263,0.2601,0.7239,0.3402,384.4,2929,761,0.04,35+
409,KOL_409,SG,beauty,25403,0.0527,0.9314,0.2697,1830.97,8117,427,0.52,25-34
410,KOL_410,PH,home,831532,0.0616,0.8616,0.1789,509.95,283396,17457,0.1,18-24
411,KOL_411,SG,fmcg,4809,0.2468,0.7188,0.2758,1037.89,1204,297,0.71,18-24
412,KOL_412,TH,fmcg,25444,0.0935,0.4438,0.2162,398.88,6994,653,0.43,35+
413,KOL_413,VN,fmcg,9783,0.1773,0.4929,0.3255,132.18,2868,508,0.55,35+
414,KOL_414,SG,home,58524,0.101,0.992,0.2574,2319.83,17892,1807,0.74,35+
415,KOL_415,ID,fmcg,4764,0.2006,0.4133,0.3286,176.69,1601,321,0.55,35+
416,KOL_416,MY,fashion,16822,0.0657,0.3037,0.2272,386.88,5434,357,0.44,18-24
417,KOL_417,PH,home,7075,0.0999,0.569,0.3212,87.4,2380,237,0.06,18-24
418,KOL_418,SG,home,67536,0.0455,0.9515,0.1995,1269.7,23306,1060,0.6,35+
419,KOL_419,MY,fashion,90634,0.0505,0.4675,0.1887,811.28,27179,1372,0.78,25-34
420,KOL_420,MY,beauty,63143,0.105,0.8158,0.235,1474.53,21733,2281,0.83,35+
421,KOL_421,PH,beauty,5530,0.1654,0.6183,0.2761,180.77,1799,297,0.51,35+
422,KOL_422,TH,home,5821,0.1487,0.6593,0.3194,384.01,1841,273,0.56,18-24
423,KOL_423,MY,fmcg,913275,0.0614,0.7108,0.1316,1499.69,237173,14562,0.38,18-24
424,KOL_424,SG,beauty,40137,0.1247,0.5472,0.2501,2516.33,11113,1385,0.25,18-24
425,KOL_425,TH,fashion,6603,0.1301,0.6336,0.3394,700.67,1925,250,0.18,35+
426,KOL_426,TH,fashion,34925,0.0863,0.8148,0.2029,889.76,12150,1048,0.25,35+
427,KOL_427,PH,beauty,2747,0.1083,0.969,0.3264,152.57,708,76,0.85,25-34
428,KOL_428,TH,fmcg,74532,0.1547,0.7022,0.1983,1013.12,24893,3850,0.92,25-34
429,KOL_429,SG,beauty,3101,0.1208,0.6348,0.3002,890.04,976,117,0.86,18-24
430,KOL_430,MY,fashion,25776,0.1154,0.7824,0.2179,977.06,6856,791,0.33,35+
431,KOL_431,SG,home,296244,0.063,0.6299,0.1566,1998.53,90404,5695,0.42,25-34
432,KOL_432,SG,fashion,58799,0.0778,0.6155,0.2779,2883.8,20319,1580,0.23,18-24
433,KOL_433,VN,fashion,40907,0.1119,0.4372,0.2273,273.7,10266,1148,0.18,25-34
434,KOL_434,TH,beauty,9470,0.1954,0.6406,0.2898,838.79,3075,600,0.16,18-24
435,KOL_435,TH,home,599688,0.078,0.8212,0.156,1538.78,186457,14543,0.93,25-34
436,KOL_436,ID,fashion,7746,0.1379,0.9742,0.3479,470.68,2227,307,0.36,35+
437,KOL_437,VN,fashion,68580,0.1329,0.5006,0.2668,485.04,22392,2975,0.81,25-34
438,KOL_438,ID,home,90256,0.1136,0.3499,0.2028,275.79,27755,3152,0.65,35+
439,KOL_439,TH,fmcg,7479,0.1517,0.904,0.2914,529.88,2058,312,0.85,18-24
440,KOL_440,ID,fashion,96772,0.0726,0.8248,0.2197,701.43,25758,1870,0.06,25-34
441,KOL_441,MY,home,13455,0.1257,0.9972,0.2418,512.59,3536,444,0.65,25-34
442,KOL_442,SG,fashion,5053,0.2433,0.3885,0.2529,1080.85,1602,389,0.36,25-34
443,KOL_443,PH,fashion,589888,0.0994,0.4907,0.217,1013.32,193191,19203,0.54,35+
444,KOL_444,VN,home,92712,0.1362,0.6045,0.2709,309.09,31069,4231,0.54,18-24
445,KOL_445,SG,fashion,57943,0.0765,0.3074,0.2144,1547.69,18328,1402,0.54,35+
446,KOL_446,TH,fashion,892171,0.0541,0.6013,0.1997,3010.51,294898,15953,0.37,25-34
447,KOL_447,PH,fmcg,558340,0.0518,0.816,0.1421,390.63,144776,7499,0.42,18-24
448,KOL_448,VN,home,90375,0.136,0.4993,0.2213,226.4,23715,3225,0.18,25-34
449,KOL_449,ID,home,8460,0.2083,0.7359,0.2519,205.95,2165,450,0.97,18-24
450,KOL_450,MY,fashion,2675,0.1388,0.6069,0.259,361.36,676,93,0.49,25-34
451,KOL_451,TH,beauty,75325,0.1481,0.854,0.2644,2169.46,20027,2965,0.06,25-34
452,KOL_452,PH,beauty,8702,0.1525,0.4751,0.2622,181.24,2961,451,0.71,25-34
453,KOL_453,VN,beauty,564479,0.0543,0.4394,0.1721,574.61,154780,8404,0.47,35+
454,KOL_454,SG,beauty,4926772,0.0409,0.3295,0.0753,3730.56,1566461,64068,0.3,25-34
455,KOL_455,TH,beauty,799081,0.04,0.743,0.1367,1770.98,235958,9438,0.58,25-34
456,KOL_456,VN,fashion,109364,0.1002,0.7835,0.1571,391.81,28807,2886,0.25,25-34
457,KOL_457,MY,home,6544,0.3,0.7376,0.3145,617.76,2185,655,0.79,18-24
458,KOL_458,PH,fashion,51515,0.1608,0.8297,0.1821,415.61,15973,2568,0.36,18-24
459,KOL_459,VN,fmcg,1646,0.1934,0.5063,0.269,47.43,458,88,0.54,25-34
460,KOL_460,ID,beauty,46087,0.1395,0.9024,0.2331,712.82,15203,2120,0.3,25-34
461,KOL_461,ID,beauty,69517,0.0417,0.5653,0.242,393.32,20362,849,0.78,18-24
462,KOL_462,SG,fmcg,2037,0.2344,0.5712,0.3266,694.95,549,128,0.61,25-34
463,KOL_463,ID,fashion,52208,0.0525,0.3467,0.2673,345.57,14707,772,0.11,18-24
464,KOL_464,TH,beauty,7366,0.2334,0.7909,0.2866,888.43,2461,574,0.72,18-24
465,KOL_465,PH,beauty,318878,0.0857,0.8825,0.1561,667.36,104082,8919,0.94,25-34
466,KOL_466,MY,beauty,932832,0.0873,0.4861,0.2034,3452.49,243423,21250,0.94,35+
467,KOL_467,ID,fashion,4784,0.1871,0.6683,0.3058,313.69,1481,277,0.42,18-24
468,KOL_468,MY,fashion,704571,0.0544,0.7657,0.1992,3171.73,228775,12445,0.5,35+
469,KOL_469,TH,home,8258,0.3,0.6851,0.2912,603.76,2713,813,0.43,35+
470,KOL_470,VN,home,4943,0.1944,0.836,0.286,105.86,1466,284,0.45,25-34
471,KOL_471,TH,beauty,1567,0.3,0.6623,0.28,415.34,448,134,0.21,25-34
472,KOL_472,SG,fashion,5521,0.2848,0.6995,0.2594,1682.35,1851,527,0.36,18-24
473,KOL_473,PH,fashion,5093,0.1603,0.3643,0.3234,153.55,1643,263,0.32,25-34
474,KOL_474,SG,fmcg,2562,0.2059,0.8116,0.2578,687.25,668,137,0.92,25-34
475,KOL_475,ID,beauty,8115,0.2035,0.9089,0.3134,487.46,2676,544,0.38,25-34
476,KOL_476,ID,fashion,51853,0.0889,0.6517,0.1851,425.49,16181,1438,0.97,35+
477,KOL_477,ID,home,21807,0.0604,0.576,0.1883,117.75,5653,341,0.55,25-34
478,KOL_478,PH,fashion,9221,0.198,0.8334,0.2988,320.88,2972,588,0.57,35+
479,KOL_479,TH,beauty,78714,0.0585,0.8437,0.1913,1002.39,23067,1349,0.42,25-34
480,KOL_480,TH,fmcg,6644,0.1875,0.5134,0.3123,448.44,2112,396,0.04,18-24
481,KOL_481,VN,beauty,7124,0.1402,0.3601,0.2743,149.65,2416,338,0.93,25-34
482,KOL_482,VN,fashion,2823,0.1596,0.5323,0.2704,112.71,972,155,0.75,35+
483,KOL_483,VN,beauty,28526,0.1223,0.5636,0.2055,262.16,7377,902,0.28,35+
484,KOL_484,VN,home,16957,0.1033,0.3466,0.2463,79.26,5591,577,0.36,18-24
485,KOL_485,MY,home,7332,0.141,0.9836,0.2985,491.35,2444,344,0.53,18-24
486,KOL_486,SG,home,8503,0.2257,0.3278,0.2834,836.66,2527,570,0.74,18-24
487,KOL_487,SG,home,6765,0.1609,0.9972,0.3312,1284.3,2331,375,0.26,25-34
488,KOL_488,ID,fashion,954442,0.1126,0.9644,0.1542,2082.02,290101,32665,0.66,18-24
489,KOL_489,ID,fmcg,78251,0.1506,0.7379,0.204,514.7,20814,3134,0.43,25-34
490,KOL_490,SG,fashion,445281,0.0547,0.7567,0.2063,5477.27,131570,7196,0.69,35+
491,KOL_491,SG,fashion,550956,0.1139,0.4016,0.1517,4709.66,174264,19848,0.53,35+
492,KOL_492,TH,fmcg,6203,0.2394,0.3206,0.3461,428.82,1860,445,0.44,35+
493,KOL_493,MY,home,387097,0.0368,0.3921,0.1806,696.7,111908,4118,0.6,18-24
494,KOL_494,SG,fmcg,57089,0.0528,0.3939,0.2512,1115.16,17335,915,0.18,25-34
495,KOL_495,MY,home,28024,0.0533,0.586,0.275,419.97,7917,421,0.74,18-24
496,KOL_496,SG,fmcg,169349,0.0482,0.6075,0.1888,1712.94,57329,2763,0.89,25-34
497,KOL_497,PH,beauty,15482,0.1173,0.8041,0.2321,244.18,4794,562,0.46,18-24
498,KOL_498,SG,fmcg,357658,0.0642,0.8146,0.1716,3023.77,92645,5947,0.19,25-34
499,KOL_499,TH,beauty,5989,0.2384,0.4165,0.319,653.98,1642,391,0.46,35+
500,KOL_500,VN,fashion,75622,0.0568,0.9565,0.2193,378.33,21554,1224,0.45,18-24
501,KOL_501,VN,fashion,36467,0.1202,0.5269,0.2518,325.69,9623,1156,0.09,35+
502,KOL_502,SG,fashion,57571,0.0525,0.8088,0.2179,2106.91,17510,919,0.04,18-24
503,KOL_503,ID,fashion,692961,0.1009,0.4135,0.1969,1404.13,179965,18158,0.42,25-34
504,KOL_504,ID,beauty,68491,0.0649,0.929,0.2423,625.11,19196,1245,0.01,25-34
505,KOL_505,ID,fmcg,669903,0.0893,0.6454,0.1654,879.36,225392,20127,0.08,35+
506,KOL_506,ID,beauty,9967,0.1616,0.8741,0.2685,404.47,2548,411,0.65,18-24
507,KOL_507,MY,beauty,1531,0.2571,0.5089,0.2609,315.03,428,110,0.16,25-34
508,KOL_508,VN,home,87983,0.1049,0.9764,0.2731,338.57,23520,2467,0.77,25-34
509,KOL_509,MY,home,7208,0.2845,0.8903,0.2971,655.29,1926,547,0.69,25-34
510,KOL_510,MY,beauty,7779,0.217,0.7284,0.2984,892.71,2650,575,0.6,35+
511,KOL_511,ID,fmcg,6185,0.1554,0.7363,0.302,217.37,2055,319,0.49,18-24
512,KOL_512,MY,fmcg,344027,0.091,0.3011,0.1825,1011.42,93735,8529,0.74,18-24
513,KOL_513,VN,fashion,534774,0.056,0.6923,0.1211,469.32,146879,8225,0.69,25-34
514,KOL_514,MY,home,422723,0.0518,0.8369,0.1541,1076.83,142964,7405,0.62,18-24
515,KOL_515,PH,beauty,303441,0.0506,0.7707,0.1846,552.84,91637,4636,0.16,25-34
516,KOL_516,VN,beauty,663052,0.0917,0.8699,0.2035,1346.43,204998,18798,0.56,35+
517,KOL_517,TH,beauty,9779,0.1062,0.5322,0.347,685.79,2732,290,0.84,25-34
518,KOL_518,ID,beauty,3627777,0.0468,0.724,0.1365,1921.34,1068573,50009,0.71,25-34
519,KOL_519,PH,home,45585,0.0855,0.4663,0.2016,116.62,13872,1186,0.18,25-34
520,KOL_520,PH,fashion,915573,0.0388,0.6542,0.139,583.36,292262,11339,0.73,35+
521,KOL_521,SG,fashion,6363,0.143,0.8755,0.2705,1493.06,1627,232,0.46,35+
522,KOL_522,SG,beauty,221463,0.0342,0.7809,0.1533,2266.74,56876,1945,0.1,35+
523,KOL_523,TH,fashion,12946,0.0977,0.9245,0.1993,603.07,3802,371,0.53,25-34
524,KOL_524,SG,beauty,45737,0.0526,0.3107,0.2007,1054.92,14304,752,0.55,25-34
525,KOL_525,TH,fmcg,5641,0.1936,0.518,0.2551,344.5,1439,278,0.47,35+
526,KOL_526,SG,fmcg,7284,0.1083,0.4253,0.3116,735.34,2140,231,0.33,18-24
527,KOL_527,PH,fashion,97932,0.1127,0.9459,0.1893,532.5,32155,3623,0.1,25-34
528,KOL_528,SG,home,71000,0.1041,0.4006,0.2713,1737.54,20961,2182,0.18,35+
529,KOL_529,TH,fmcg,6320,0.1638,0.6327,0.2961,430.3,1754,287,0.28,25-34
530,KOL_530,MY,home,26697,0.0932,0.8,0.2356,542.58,6965,649,0.79,35+
531,KOL_531,PH,fmcg,87402,0.0886,0.6836,0.1866,242.94,25261,2238,0.81,35+
532,KOL_532,ID,beauty,67062,0.0975,0.7859,0.2539,730.72,22596,2203,0.57,25-34
533,KOL_533,TH,fmcg,8584,0.1452,0.6117,0.257,402.92,2257,327,0.69,35+
534,KOL_534,ID,fashion,497317,0.0552,0.343,0.2087,849.4,173808,9594,0.64,18-24
535,KOL_535,SG,fmcg,792985,0.0408,0.573,0.1396,2448.91,239743,9781,0.3,35+
536,KOL_536,SG,beauty,8122,0.2739,0.9932,0.3111,2811.48,2552,698,0.4,18-24
537,KOL_537,VN,home,165443,0.0567,0.3372,0.131,96.22,50607,2869,0.87,18-24
538,KOL_538,PH,fmcg,87353,0.0788,0.568,0.2345,262.38,24679,1944,0.47,18-24
539,KOL_539,VN,fashion,57223,0.1187,0.9982,0.1934,428.63,14892,1767,0.65,18-24
540,KOL_540,ID,fmcg,73792,0.1284,0.395,0.266,440.32,25768,3308,0.79,35+
541,KOL_541,PH,fmcg,753524,0.0427,0.6864,0.1555,413.54,212733,9083,0.42,18-24
542,KOL_542,SG,home,41031,0.1101,0.9486,0.1833,1412.3,10568,1163,0.57,35+
543,KOL_543,SG,home,8889,0.2555,0.8111,0.2965,1497.84,2302,588,0.52,35+
544,KOL_544,VN,home,8740,0.2372,0.7681,0.3113,162.23,2536,601,0.54,18-24
545,KOL_545,TH,home,77195,0.1428,0.5321,0.2089,805.17,19588,2797,0.7,35+
546,KOL_546,SG,beauty,83886,0.0713,0.7047,0.2456,3065.54,25751,1836,0.81,35+
547,KOL_547,TH,home,8942,0.1167,0.896,0.2633,405.2,2522,294,0.28,25-34
548,KOL_548,VN,fmcg,2827,0.2479,0.8173,0.287,95.39,796,197,0.26,35+
549,KOL_549,MY,fashion,3962,0.2881,0.54,0.3096,714.41,1068,307,0.84,25-34
550,KOL_550,SG,home,349506,0.0814,0.4171,0.1254,1607.79,104703,8522,0.76,18-24
551,KOL_551,SG,fashion,8602,0.169,0.8223,0.288,1947.31,2872,485,0.39,25-34
552,KOL_552,VN,home,8122,0.1155,0.6142,0.3462,108.52,2729,315,0.96,18-24
553,KOL_553,VN,home,768388,0.0604,0.7273,0.1535,368.31,227104,13717,0.8,25-34
554,KOL_554,VN,fashion,61269,0.0955,0.4693,0.232,327.2,20868,1992,0.69,18-24
555,KOL_555,MY,beauty,1173,0.2579,0.3084,0.3185,262.45,337,86,0.22,25-34
556,KOL_556,VN,fashion,1557,0.0919,0.957,0.345,108.66,421,38,0.71,18-24
557,KOL_557,ID,beauty,3128,0.1891,0.7535,0.3196,270.9,911,172,0.29,35+
558,KOL_558,VN,home,769810,0.0709,0.8386,0.1457,407.07,202151,14332,0.28,18-24
559,KOL_559,ID,fmcg,6450,0.2775,0.869,0.2569,274.13,1818,504,0.61,18-24
560,KOL_560,VN,beauty,24212,0.0603,0.4529,0.2713,200.69,7113,428,0.1,18-24
561,KOL_561,VN,beauty,5105,0.2186,0.6484,0.3433,265.67,1616,353,0.39,18-24
562,KOL_562,PH,fmcg,61292,0.1037,0.9579,0.2236,312.21,21284,2207,0.78,18-24
563,KOL_563,MY,home,10433,0.087,0.8459,0.2133,305.08,3228,280,0.4,35+
564,KOL_564,MY,fmcg,3714027,0.0257,0.9726,0.126,2191.44,1080528,27769,0.65,18-24
565,KOL_565,MY,home,60353,0.1059,0.5731,0.2287,714.46,20271,2146,0.44,18-24
566,KOL_566,PH,beauty,4163,0.1207,0.4669,0.3293,138.86,1369,165,0.31,35+
567,KOL_567,MY,home,4404845,0.0539,0.3259,0.1288,1849.46,1123658,60565,0.41,18-24
568,KOL_568,SG,fashion,799732,0.0754,0.9091,0.1941,8887.56,230470,17377,0.92,18-24
569,KOL_569,MY,fashion,74080,0.111,0.9426,0.2501,2046.52,19589,2174,0.01,35+
570,KOL_570,SG,beauty,6035,0.2322,0.7279,0.3318,2037.31,1617,375,0.11,35+
571,KOL_571,VN,fmcg,331288,0.0313,0.5361,0.1524,157.81,91822,2874,0.32,18-24
572,KOL_572,PH,fashion,721895,0.0366,0.4917,0.1896,594.96,202101,7396,0.44,35+
573,KOL_573,ID,beauty,2637,0.2685,0.5633,0.338,271.0,701,188,0.01,18-24
574,KOL_574,PH,fashion,841072,0.0844,0.5914,0.1406,793.06,294131,24824,0.27,25-34
575,KOL_575,PH,beauty,32878,0.0923,0.426,0.2427,240.23,11425,1054,0.3,25-34
576,KOL_576,SG,home,4860,0.1586,0.9838,0.3363,1089.97,1491,236,0.51,25-34
577,KOL_577,ID,fmcg,791355,0.0386,0.3789,0.1698,494.25,218779,8444,0.67,18-24
578,KOL_578,PH,beauty,6966,0.1539,0.534,0.2604,171.53,1794,276,0.92,18-24
579,KOL_579,VN,fmcg,1476,0.1743,0.9266,0.3093,66.32,452,78,0.42,35+
580,KOL_580,ID,fmcg,52688,0.0577,0.4594,0.267,269.99,16248,937,0.89,18-24
581,KOL_581,SG,fmcg,73492,0.0451,0.4513,0.1978,985.66,21432,966,0.14,35+
582,KOL_582,VN,beauty,6875,0.2687,0.389,0.2781,214.48,1832,492,0.85,25-34
583,KOL_583,VN,fashion,55033,0.0602,0.4098,0.2378,235.82,18286,1100,0.86,18-24
584,KOL_584,PH,home,78389,0.1078,0.7141,0.1815,191.3,23104,2490,0.74,18-24
585,KOL_585,ID,beauty,8114,0.2413,0.7142,0.2918,438.09,2074,500,0.04,25-34
586,KOL_586,VN,beauty,76088,0.0441,0.6355,0.2252,299.17,20992,925,0.08,18-24
587,KOL_587,VN,beauty,63296,0.1286,0.5071,0.1816,335.64,21304,2739,0.3,35+
588,KOL_588,ID,fmcg,84760,0.1048,0.6184,0.1985,398.06,27258,2856,0.63,35+
589,KOL_589,MY,home,92222,0.0534,0.533,0.2226,588.71,27475,1467,0.7,35+
590,KOL_590,VN,beauty,37151,0.1107,0.9166,0.2315,408.9,12051,1334,0.36,18-24
591,KOL_591,VN,beauty,6989,0.1665,0.5565,0.3061,224.1,1956,325,0.14,25-34
592,KOL_592,VN,fashion,2860,0.2462,0.8266,0.3253,211.23,830,204,0.32,25-34
593,KOL_593,PH,beauty,65434,0.0613,0.5417,0.227,291.29,20716,1269,0.68,35+
594,KOL_594,MY,fashion,573934,0.0801,0.9618,0.2092,4088.51,173491,13896,0.09,25-34
595,KOL_595,MY,fashion,402381,0.0848,0.4153,0.1696,1876.58,113981,9665,0.52,35+
596,KOL_596,TH,fmcg,7824,0.2976,0.3924,0.2944,505.29,2616,778,0.02,18-24
597,KOL_597,SG,home,4806,0.2686,0.5351,0.3156,976.29,1603,430,0.33,35+
598,KOL_598,ID,home,79489,0.1304,0.5129,0.1972,326.42,22001,2868,0.23,25-34
599,KOL_599,ID,fashion,4228565,0.0633,0.4991,0.1212,1857.86,1206692,76383,0.18,18-24
600,KOL_600,MY,beauty,826516,0.1016,0.4129,0.2194,3485.32,281933,28644,0.13,25-34
601,KOL_601,TH,fashion,4361,0.1828,0.5219,0.2873,518.54,1366,249,0.98,35+
602,KOL_602,PH,home,1408,0.1809,0.4018,0.2656,36.46,491,88,0.98,25-34
603,KOL_603,SG,fashion,48739,0.0863,0.9608,0.26,3232.35,15806,1364,0.34,18-24
604,KOL_604,PH,fashion,15253,0.0562,0.5157,0.2246,130.0,4002,224,0.33,35+
605,KOL_605,ID,beauty,86471,0.1062,0.837,0.1884,663.13,28916,3070,0.68,18-24
606,KOL_606,MY,home,2654333,0.0299,0.7236,0.0898,1110.79,887789,26544,0.37,25-34
607,KOL_607,MY,fashion,6651,0.1947,0.912,0.3228,1031.06,2117,412,0.74,25-34
608,KOL_608,VN,fmcg,402655,0.0443,0.9284,0.134,239.49,139145,6164,0.6,18-24
609,KOL_609,SG,fmcg,8776,0.2999,0.5348,0.2588,1250.97,2613,783,0.64,25-34
610,KOL_610,ID,fashion,82851,0.0927,0.9404,0.2632,938.13,25455,2359,0.55,18-24
611,KOL_611,PH,fashion,416663,0.0832,0.6915,0.1227,523.0,104325,8679,0.15,25-34
612,KOL_612,TH,fmcg,4499070,0.0516,0.7661,0.0679,1625.96,1485395,76646,0.64,18-24
613,KOL_613,TH,fmcg,5541,0.2267,0.7192,0.3066,523.27,1649,373,0.63,25-34
614,KOL_614,TH,fashion,4432119,0.0273,0.7027,0.1082,2791.81,1184647,32340,0.32,35+
615,KOL_615,TH,beauty,3675,0.106,0.7454,0.279,399.66,1190,126,0.64,18-24
616,KOL_616,SG,home,92317,0.0528,0.8268,0.2672,1996.54,28012,1479,0.27,35+
617,KOL_617,ID,home,22561,0.0944,0.4006,0.2173,144.1,7626,719,0.41,18-24
618,KOL_618,SG,beauty,3532,0.2206,0.8566,0.2917,1448.84,922,203,0.12,18-24
619,KOL_619,PH,home,602812,0.0575,0.3973,0.1372,218.46,170670,9813,0.03,18-24
620,KOL_620,MY,fmcg,3332,0.2239,0.4469,0.3191,332.58,890,199,0.08,25-34
621,KOL_621,SG,beauty,144583,0.0376,0.7619,0.1669,2065.06,40290,1514,0.04,25-34
622,KOL_622,ID,fashion,22648,0.1419,0.4438,0.2471,391.38,5781,820,0.09,35+
623,KOL_623,VN,fashion,707914,0.0488,0.6504,0.1705,687.9,185936,9073,0.1,35+
624,KOL_624,SG,beauty,654528,0.041,0.4973,0.2174,4828.51,170099,6974,0.92,35+
625,KOL_625,MY,fashion,597776,0.0571,0.6078,0.2035,2724.23,174322,9953,0.42,35+
626,KOL_626,SG,fashion,2848,0.2382,0.6261,0.2996,1207.53,896,213,0.7,35+
627,KOL_627,SG,home,20780,0.0673,0.4985,0.2487,772.9,7013,471,0.23,25-34
628,KOL_628,PH,home,8011,0.12,0.8887,0.2679,106.25,2693,323,0.49,18-24
629,KOL_629,PH,beauty,9563,0.2029,0.4004,0.3241,248.69,3303,670,0.98,18-24
630,KOL_630,MY,fashion,4261,0.1725,0.9935,0.3338,838.37,1436,247,0.5,35+
631,KOL_631,PH,home,722488,0.0534,0.7507,0.1676,387.01,233633,12476,0.99,35+
632,KOL_632,VN,fashion,8448,0.1125,0.6481,0.253,169.0,2867,322,0.05,18-24
633,KOL_633,ID,home,13506,0.1418,0.7754,0.2422,211.9,3573,506,0.76,35+
634,KOL_634,PH,fmcg,904858,0.0638,0.5055,0.1705,521.2,297313,18968,0.34,35+
635,KOL_635,PH,home,14141,0.166,0.3834,0.2653,107.99,4441,737,0.46,18-24
636,KOL_636,TH,fmcg,5965,0.249,0.6015,0.2987,506.93,1603,399,0.57,25-34
637,KOL_637,ID,beauty,99833,0.0984,0.6936,0.2191,726.09,33063,3253,0.59,25-34
638,KOL_638,SG,beauty,56237,0.1163,0.343,0.1928,1755.66,17061,1984,0.35,35+
639,KOL_639,TH,fmcg,91940,0.0682,0.5416,0.2151,711.75,26986,1840,0.25,35+
640,KOL_640,TH,fashion,2391,0.2453,0.5134,0.252,386.97,681,167,0.04,35+
641,KOL_641,PH,beauty,695643,0.0645,0.3143,0.2186,714.64,223420,14410,0.57,25-34
642,KOL_642,SG,home,74010,0.0537,0.5352,0.1967,1067.72,20956,1125,0.36,25-34
643,KOL_643,MY,home,2234,0.271,0.5011,0.3496,314.33,661,179,0.8,35+
644,KOL_644,TH,beauty,22053,0.1217,0.7143,0.2366,870.87,7688,935,0.48,18-24
645,KOL_645,PH,home,2256,0.2166,0.8629,0.27,75.22,666,144,0.25,35+
646,KOL_646,ID,fmcg,81770,0.0512,0.7923,0.2013,313.69,28324,1450,0.82,25-34
647,KOL_647,SG,beauty,9728,0.2895,0.9348,0.3022,2981.09,2805,812,0.46,18-24
648,KOL_648,MY,fashion,5919,0.2616,0.9021,0.3346,1162.33,1753,458,0.82,35+
649,KOL_649,ID,home,4868,0.1602,0.4343,0.2964,123.84,1503,240,0.99,25-34
650,KOL_650,TH,fashion,14850,0.058,0.3204,0.2444,359.27,3799,220,0.96,25-34
651,KOL_651,MY,fmcg,158015,0.0789,0.7211,0.2097,1134.97,50508,3985,0.66,18-24
652,KOL_652,MY,home,3302,0.1503,0.6502,0.2996,277.8,871,130,0.24,18-24
653,KOL_653,VN,fashion,428635,0.0544,0.573,0.2136,664.52,121446,6606,0.14,18-24
654,KOL_654,PH,home,5498,0.174,0.7126,0.32,113.37,1490,259,0.32,25-34
655,KOL_655,TH,fmcg,42289,0.1626,0.9559,0.2516,1158.21,13096,2129,0.02,35+
656,KOL_656,SG,fmcg,1895,0.2588,0.4678,0.2809,548.16,653,168,0.36,35+
657,KOL_657,PH,home,4872,0.2624,0.9369,0.2801,131.53,1697,445,0.82,18-24
658,KOL_658,VN,fmcg,3625,0.2943,0.9156,0.3289,142.76,1046,307,0.87,25-34
659,KOL_659,MY,fashion,64127,0.1348,0.5957,0.2498,1666.02,20179,2720,0.07,25-34
660,KOL_660,MY,fashion,81791,0.1195,0.3191,0.243,1261.43,26928,3217,0.64,18-24
661,KOL_661,ID,fashion,92352,0.0753,0.3776,0.2647,568.87,29810,2244,0.79,25-34
662,KOL_662,TH,fashion,27499,0.0725,0.8787,0.1884,697.8,8380,607,0.18,25-34
663,KOL_663,VN,fashion,698098,0.0519,0.9462,0.2107,1050.0,235135,12203,0.2,35+
664,KOL_664,MY,home,152202,0.0568,0.4821,0.137,456.55,47343,2689,0.12,35+
665,KOL_665,ID,fashion,69468,0.1308,0.4571,0.2746,742.25,24030,3143,0.78,25-34
666,KOL_666,TH,fashion,60079,0.0601,0.7201,0.2218,1000.77,18366,1103,0.79,18-24
667,KOL_667,SG,fmcg,5289,0.1449,0.4738,0.2586,634.91,1802,261,0.13,25-34
668,KOL_668,VN,home,2667466,0.0651,0.7959,0.0573,278.2,697669,45418,0.05,18-24
669,KOL_669,SG,beauty,56439,0.1694,0.977,0.1805,3354.05,18243,3090,0.62,25-34
670,KOL_670,SG,fashion,3815477,0.0482,0.6917,0.076,5300.92,1217978,58706,0.49,25-34
671,KOL_671,TH,beauty,238328,0.0386,0.6031,0.1513,947.35,63772,2461,0.5,25-34
672,KOL_672,TH,home,66372,0.0792,0.7291,0.2236,696.66,17944,1421,0.32,25-34
673,KOL_673,PH,beauty,258613,0.0776,0.7457,0.1389,467.77,66441,5155,0.23,18-24
674,KOL_674,PH,beauty,31437,0.1154,0.9966,0.2242,371.14,10764,1242,0.56,25-34
675,KOL_675,ID,fashion,29405,0.0471,0.9077,0.255,379.2,8468,398,0.56,35+
676,KOL_676,ID,fmcg,86486,0.1275,0.8368,0.272,706.94,25654,3270,0.77,35+
677,KOL_677,PH,home,6384,0.1109,0.7764,0.309,98.3,1704,188,0.84,18-24
678,KOL_678,TH,beauty,8540,0.2789,0.6178,0.2829,912.3,2179,607,0.66,25-34
679,KOL_679,TH,beauty,3118,0.123,0.7506,0.3244,462.68,1060,130,0.95,25-34
680,KOL_680,MY,beauty,5180,0.1545,0.9059,0.3352,769.99,1461,225,0.39,25-34
681,KOL_681,TH,fashion,3525,0.1238,0.6027,0.2859,410.28,930,115,0.83,35+
682,KOL_682,PH,beauty,8298,0.2751,0.6941,0.3256,356.82,2452,674,0.61,25-34
683,KOL_683,ID,fashion,22182,0.0423,0.6245,0.2731,277.25,7704,325,0.63,35+
684,KOL_684,ID,fashion,8671,0.2104,0.6343,0.3184,454.27,2475,520,0.84,35+
685,KOL_685,MY,fmcg,84519,0.0395,0.3316,0.2213,420.28,28742,1135,0.66,35+
686,KOL_686,MY,fmcg,472725,0.0418,0.6524,0.138,894.39,130122,5439,0.84,18-24
687,KOL_687,PH,home,5876,0.1737,0.8301,0.2841,112.21,1660,288,0.21,18-24
688,KOL_688,MY,beauty,89174,0.0721,0.6037,0.2195,1166.65,22511,1623,0.17,25-34
689,KOL_689,PH,home,63096,0.1545,0.7213,0.2418,275.12,20826,3217,0.36,35+
690,KOL_690,MY,fashion,3831585,0.0411,0.3876,0.0612,1405.26,966224,39711,0.7,18-24
691,KOL_691,VN,fashion,319394,0.0569,0.4692,0.1286,319.64,105071,5978,0.46,25-34
692,KOL_692,PH,fmcg,25264,0.0522,0.7918,0.182,105.24,8157,425,0.59,18-24
693,KOL_693,VN,fmcg,7418,0.0939,0.7413,0.3479,109.79,2362,221,0.74,35+
694,KOL_694,VN,fmcg,48112,0.0427,0.6593,0.2032,103.86,12525,534,0.53,25-34
695,KOL_695,PH,beauty,82516,0.0525,0.592,0.2295,319.96,26310,1381,0.45,25-34
696,KOL_696,SG,fashion,5718,0.243,0.6067,0.3088,1753.34,1777,431,0.92,35+
697,KOL_697,PH,home,27191,0.1463,0.5733,0.2596,168.21,7461,1091,0.62,25-34
698,KOL_698,SG,fmcg,21297,0.1008,0.4396,0.1901,752.44,7028,708,0.94,25-34
699,KOL_699,TH,home,4431,0.243,0.5512,0.3177,389.51,1197,290,0.83,35+
700,KOL_700,SG,fashion,2043,0.1481,0.4587,0.2986,687.93,597,88,0.78,18-24
701,KOL_701,SG,beauty,684081,0.0436,0.7831,0.1906,5600.35,228406,9958,0.8,18-24
702,KOL_702,SG,beauty,4278488,0.0614,0.9632,0.1007,9738.64,1157202,71052,0.63,18-24
703,KOL_703,PH,beauty,264661,0.086,0.8334,0.1354,513.38,78083,6715,0.33,18-24
704,KOL_704,ID,fmcg,4307,0.1831,0.8383,0.2841,197.65,1335,244,0.17,25-34
705,KOL_705,SG,fmcg,7799,0.1806,0.4061,0.3287,1012.89,2091,377,0.8,25-34
706,KOL_706,MY,fmcg,581038,0.0971,0.7775,0.1346,1609.2,145911,14167,0.72,35+
707,KOL_707,PH,beauty,188897,0.0521,0.8407,0.1593,398.9,48440,2523,0.66,35+
708,KOL_708,SG,home,1947,0.3,0.8593,0.2919,769.73,661,198,0.7,25-34
709,KOL_709,SG,fashion,51116,0.1193,0.4958,0.25,2688.41,16434,1960,0.64,35+
710,KOL_710,VN,fmcg,91027,0.1183,0.9214,0.2575,356.22,27697,3276,0.08,35+
711,KOL_711,SG,home,3064,0.2066,0.4496,0.3021,599.86,847,174,0.02,35+
712,KOL_712,SG,beauty,41632,0.1238,0.5959,0.2532,2697.87,13463,1666,0.26,35+
713,KOL_713,SG,beauty,1782,0.2846,0.6141,0.2953,1001.96,505,143,0.81,35+
714,KOL_714,TH,home,92279,0.1249,0.4637,0.2467,907.67,25363,3167,0.71,35+
715,KOL_715,TH,fmcg,23792,0.0779,0.876,0.1898,434.24,7691,599,0.83,18-24
716,KOL_716,TH,fmcg,7961,0.2757,0.6123,0.3088,642.79,2521,695,0.78,25-34
717,KOL_717,PH,fmcg,93422,0.085,0.9517,0.2624,408.2,25719,2186,0.51,25-34
718,KOL_718,VN,fashion,26958,0.1471,0.6704,0.2255,312.94,6873,1011,0.75,35+
719,KOL_719,SG,home,2945,0.2143,0.3846,0.254,465.77,814,174,0.12,25-34
720,KOL_720,SG,fmcg,2271965,0.0323,0.4,0.0549,1211.89,647987,20929,0.89,18-24
721,KOL_721,MY,fmcg,9008,0.1018,0.3473,0.2981,303.66,2569,261,0.57,25-34
722,KOL_722,ID,fmcg,598313,0.0973,0.393,0.1962,802.92,193304,18808,0.45,35+
723,KOL_723,MY,fmcg,7711,0.1988,0.5373,0.3236,530.12,2589,514,0.09,18-24
724,KOL_724,VN,beauty,84972,0.1182,0.5162,0.2444,506.26,22638,2675,0.19,35+
725,KOL_725,SG,beauty,16930,0.1463,0.8254,0.192,1669.05,5322,778,0.18,18-24
726,KOL_726,PH,beauty,4371,0.1583,0.9214,0.3307,229.87,1403,222,0.32,35+
727,KOL_727,SG,home,1381,0.1519,0.3168,0.2882,276.54,368,55,0.11,18-24
728,KOL_728,TH,fmcg,47401,0.0517,0.3627,0.2479,419.67,12332,637,0.61,25-34
729,KOL_729,TH,home,1958,0.1404,0.3997,0.2876,151.73,520,73,0.05,18-24
730,KOL_730,MY,home,714497,0.0467,0.6531,0.1261,960.88,239550,11186,0.55,18-24
731,KOL_731,SG,beauty,63411,0.1233,0.313,0.2046,1946.05,20397,2514,0.65,18-24
732,KOL_732,ID,home,7664,0.2089,0.6503,0.304,222.69,2088,436,0.78,35+
733,KOL_733,SG,home,4823078,0.046,0.8689,0.1153,5958.22,1293526,59502,0.0,25-34
734,KOL_734,VN,fashion,5110,0.2583,0.546,0.3085,222.9,1539,397,0.28,18-24
735,KOL_735,ID,home,83804,0.0418,0.7889,0.2678,319.61,24405,1020,0.61,25-34
736,KOL_736,TH,fashion,459280,0.0852,0.7954,0.1862,2906.9,135898,11578,0.34,25-34
737,KOL_737,MY,fmcg,2377650,0.0222,0.7525,0.0504,573.36,596923,13251,0.67,25-34
738,KOL_738,VN,beauty,74091,0.1253,0.8511,0.2339,598.14,25834,3237,0.83,35+
739,KOL_739,TH,fmcg,26176,0.0862,0.8792,0.1977,499.99,6578,567,0.12,25-34
740,KOL_740,VN,home,566174,0.0329,0.8309,0.1392,226.16,195039,6416,0.61,25-34
741,KOL_741,TH,fmcg,331891,0.0463,0.5541,0.2105,1102.9,96675,4476,0.01,35+
742,KOL_742,VN,fashion,5544,0.2134,0.6862,0.2565,196.71,1517,323,0.75,18-24
743,KOL_743,VN,beauty,4734,0.2952,0.492,0.3492,263.43,1538,454,0.68,35+
744,KOL_744,VN,beauty,8437,0.0982,0.7712,0.3354,243.9,2440,239,0.43,25-34
745,KOL_745,VN,fashion,9491,0.1853,0.8313,0.2547,262.12,3313,613,0.42,25-34
746,KOL_746,MY,fashion,7420,0.1215,0.7003,0.3478,812.23,2288,277,0.96,18-24
747,KOL_747,PH,fmcg,6394,0.1683,0.3677,0.3308,117.75,2205,371,0.8,25-34
748,KOL_748,MY,home,359160,0.0346,0.5386,0.172,726.33,105305,3643,0.94,35+
749,KOL_749,MY,beauty,22539,0.1114,0.3599,0.2177,558.3,5901,657,0.78,18-24
750,KOL_750,MY,beauty,563386,0.035,0.6023,0.1759,1635.41,160173,5606,0.85,25-34
751,KOL_751,MY,fmcg,7735,0.151,0.7618,0.2884,491.05,2372,358,0.88,35+
752,KOL_752,MY,beauty,1425,0.181,0.4347,0.3095,279.61,373,67,0.59,18-24
753,KOL_753,VN,fmcg,232102,0.0692,0.5947,0.1386,188.12,62536,4327,0.8,18-24
754,KOL_754,SG,fashion,8140,0.2118,0.5504,0.2647,1594.63,2351,497,0.6,25-34
755,KOL_755,ID,beauty,1132,0.2132,0.4012,0.2922,115.44,308,65,0.98,35+
756,KOL_756,VN,fmcg,923409,0.0315,0.633,0.18,339.21,274255,8639,0.85,35+
757,KOL_757,MY,fmcg,3584124,0.036,0.3734,0.0719,900.84,897969,32326,0.64,35+
758,KOL_758,TH,fmcg,4492,0.1582,0.9668,0.2705,402.59,1217,192,0.83,18-24
759,KOL_759,PH,fashion,2208,0.1744,0.3997,0.3131,106.94,747,130,0.36,18-24
760,KOL_760,TH,fashion,5654,0.1504,0.8032,0.2679,619.55,1436,215,0.18,25-34
761,KOL_761,MY,home,122014,0.0786,0.7584,0.2136,940.32,35502,2790,0.46,25-34
762,KOL_762,SG,fmcg,793014,0.0423,0.8593,0.2078,4545.54,206823,8748,0.12,18-24
763,KOL_763,PH,fashion,300993,0.0712,0.5226,0.2121,617.93,100252,7137,0.62,18-24
764,KOL_764,TH,fashion,408473,0.0809,0.3373,0.2052,1916.99,140396,11358,0.89,18-24
765,KOL_765,PH,home,71691,0.1314,0.4172,0.2299,195.56,21726,2854,0.18,35+
766,KOL_766,PH,beauty,8918,0.2428,0.4878,0.2707,242.21,2437,591,0.45,18-24
767,KOL_767,TH,home,6013,0.1782,0.41,0.3051,321.86,1640,292,0.75,25-34
768,KOL_768,TH,fmcg,56081,0.0563,0.6586,0.2251,582.83,17563,988,0.41,25-34
769,KOL_769,MY,home,7264,0.1031,0.4859,0.3401,334.91,2117,218,0.84,35+
770,KOL_770,MY,home,20244,0.1426,0.3689,0.1838,309.61,5471,780,0.33,35+
771,KOL_771,ID,fashion,5959,0.2691,0.8918,0.3498,554.79,2046,550,0.91,18-24
772,KOL_772,PH,beauty,395537,0.095,0.5827,0.1672,681.1,132481,12585,0.99,18-24
773,KOL_773,SG,fmcg,338634,0.0493,0.6321,0.1923,2545.17,114897,5664,0.34,18-24
774,KOL_774,PH,fmcg,4077,0.2104,0.5924,0.3353,135.25,1035,217,0.37,35+
775,KOL_775,TH,home,420416,0.0819,0.8673,0.1425,1239.34,133003,10892,0.69,25-34
776,KOL_776,MY,fashion,824062,0.0641,0.3163,0.1354,1626.6,249301,15980,0.57,35+
777,KOL_777,PH,beauty,701756,0.1037,0.4429,0.1734,857.06,200124,20752,0.47,25-34
778,KOL_778,VN,fashion,69183,0.1038,0.42,0.1832,270.8,22939,2381,0.6,18-24
779,KOL_779,TH,beauty,2138,0.2726,0.4441,0.2955,399.66,629,171,0.52,18-24
780,KOL_780,PH,fmcg,7731,0.2044,0.3904,0.3243,144.14,2331,476,0.96,18-24
781,KOL_781,ID,home,4369,0.1774,0.7654,0.3087,170.69,1349,239,0.72,25-34
782,KOL_782,SG,fashion,1121,0.2934,0.8772,0.3026,1005.16,352,103,0.88,25-34
783,KOL_783,PH,home,15122,0.1134,0.9167,0.25,134.49,5237,593,0.79,25-34
784,KOL_784,PH,fmcg,32954,0.0774,0.7324,0.2185,168.99,10938,846,0.18,35+
785,KOL_785,VN,home,1715,0.1644,0.4916,0.3167,48.7,446,73,0.7,35+
786,KOL_786,TH,beauty,617460,0.0634,0.3849,0.1955,2017.26,187421,11882,0.77,25-34
787,KOL_787,MY,fmcg,31605,0.0679,0.6235,0.2181,455.39,10956,743,0.4,18-24
788,KOL_788,VN,fmcg,1175,0.1595,0.3955,0.2985,35.69,302,48,0.08,35+
789,KOL_789,ID,beauty,8171,0.1404,0.8891,0.3107,398.38,2224,312,0.29,35+
790,KOL_790,ID,fmcg,32079,0.0524,0.7742,0.2158,210.63,8907,466,0.71,35+
791,KOL_791,VN,beauty,67941,0.1284,0.8681,0.2191,548.51,19510,2505,0.44,35+
792,KOL_792,ID,fashion,7183,0.286,0.5623,0.2591,369.32,2226,636,0.03,18-24
793,KOL_793,MY,fashion,4148,0.2051,0.9711,0.3224,861.31,1059,217,0.42,18-24
794,KOL_794,SG,fmcg,438355,0.0629,0.445,0.2139,3052.63,117506,7391,0.23,18-24
795,KOL_795,ID,fmcg,3844,0.1078,0.3084,0.272,83.19,1297,139,0.82,35+
796,KOL_796,SG,fmcg,15759,0.0434,0.5111,0.2783,670.37,4148,180,0.71,35+
797,KOL_797,VN,fashion,2552,0.2517,0.7874,0.2832,171.43,800,201,0.76,35+
798,KOL_798,PH,fmcg,8899,0.0971,0.9385,0.3011,153.43,2984,289,0.23,35+
799,KOL_799,TH,fashion,11742,0.0679,0.9277,0.2538,610.81,3433,233,0.62,18-24
800,KOL_800,MY,fashion,9171,0.1427,0.4431,0.3423,766.11,2905,414,0.99,25-34
801,KOL_801,MY,fmcg,53082,0.0518,0.8509,0.2448,675.89,15633,809,0.75,18-24
802,KOL_802,VN,fashion,447363,0.0492,0.3379,0.2001,464.43,126418,6219,0.61,25-34
803,KOL_803,MY,fashion,34057,0.0755,0.9089,0.1852,832.15,9094,686,0.94,18-24
804,KOL_804,MY,fmcg,9992,0.3,0.4654,0.3225,687.59,2816,844,0.16,18-24
805,KOL_805,VN,fashion,3890,0.2081,0.7035,0.2772,178.05,1219,253,0.08,25-34
806,KOL_806,PH,fashion,3748,0.1896,0.7266,0.332,207.69,1183,224,0.02,25-34
807,KOL_807,ID,fashion,20909,0.1391,0.7166,0.2057,393.86,7126,991,0.31,25-34
808,KOL_808,ID,fashion,8878,0.1019,0.6285,0.2504,250.41,3102,316,0.5,35+
809,KOL_809,TH,fmcg,7628,0.3,0.9793,0.299,803.72,2563,768,0.99,18-24
810,KOL_810,ID,fashion,15089,0.1324,0.9525,0.2563,468.91,4294,568,0.77,35+
811,KOL_811,PH,fmcg,9005,0.218,0.3404,0.3236,149.69,2499,544,0.48,25-34
812,KOL_812,SG,fmcg,98660,0.0453,0.4035,0.2744,1501.37,27079,1226,0.25,35+
813,KOL_813,VN,fmcg,96848,0.1132,0.8397,0.2198,292.88,33815,3827,0.97,18-24
814,KOL_814,VN,home,34749,0.1227,0.5988,0.2301,151.84,10870,1333,0.66,25-34
815,KOL_815,MY,home,63950,0.1384,0.9086,0.2614,1210.0,18191,2517,0.75,35+
816,KOL_816,MY,beauty,6047,0.0912,0.6442,0.3274,526.48,1939,176,0.52,35+
817,KOL_817,ID,fmcg,8060,0.1291,0.7928,0.2682,208.43,2127,274,0.45,18-24
818,KOL_818,PH,fmcg,1966,0.2732,0.4343,0.3127,85.46,650,177,0.11,35+
819,KOL_819,MY,fashion,5802,0.104,0.345,0.2978,399.35,1553,161,0.01,25-34
820,KOL_820,ID,beauty,107578,0.0832,0.3293,0.1576,343.51,35415,2946,0.99,25-34
821,KOL_821,VN,home,596220,0.0856,0.5356,0.2199,474.8,202587,17341,0.24,25-34
822,KOL_822,MY,beauty,59602,0.1225,0.9112,0.2257,1570.54,20620,2525,0.4,18-24
823,KOL_823,ID,home,3013,0.2557,0.7895,0.2952,165.29,996,254,0.51,35+
824,KOL_824,VN,home,6278,0.099,0.332,0.3178,59.62,1809,179,0.61,25-34
825,KOL_825,PH,beauty,20665,0.0886,0.959,0.2534,292.32,6369,564,0.61,35+
826,KOL_826,MY,fashion,9520,0.2988,0.8017,0.2998,1330.64,2469,737,0.3,35+
827,KOL_827,PH,fashion,4669118,0.0537,0.9685,0.0743,1007.99,1256635,67481,0.75,35+
828,KOL_828,TH,fmcg,23824,0.0935,0.4122,0.2566,441.48,6858,641,0.72,35+
829,KOL_829,VN,fmcg,97897,0.0477,0.6742,0.189,147.28,29927,1427,0.87,35+
830,KOL_830,VN,fmcg,729859,0.0329,0.9371,0.1854,386.25,239738,7887,0.81,18-24
831,KOL_831,ID,beauty,5767,0.103,0.8184,0.3073,272.02,1572,161,0.85,25-34
832,KOL_832,PH,fmcg,10220,0.0762,0.4329,0.212,69.65,2928,223,0.8,18-24
833,KOL_833,PH,home,88855,0.0926,0.3064,0.1945,132.51,27077,2507,0.84,25-34
834,KOL_834,VN,beauty,29323,0.0949,0.7657,0.2399,318.59,8595,815,0.5,35+
835,KOL_835,PH,beauty,8836,0.2069,0.504,0.3481,290.91,2550,527,0.15,35+
836,KOL_836,ID,fmcg,4687,0.2079,0.9058,0.3227,259.4,1325,275,0.98,35+
837,KOL_837,VN,fmcg,266927,0.1008,0.5362,0.219,365.32,91560,9229,0.39,18-24
838,KOL_838,SG,fmcg,47098,0.0801,0.7908,0.1897,1334.95,14424,1155,0.75,35+
839,KOL_839,ID,fashion,156753,0.0951,0.6203,0.1642,662.21,47092,4478,0.29,18-24
840,KOL_840,SG,beauty,4205,0.2107,0.8082,0.3178,1634.97,1126,237,0.38,25-34
841,KOL_841,ID,beauty,32049,0.1247,0.9819,0.1917,482.13,10123,1262,0.65,35+
842,KOL_842,ID,fmcg,29473,0.1058,0.3238,0.2289,196.79,10185,1077,0.6,18-24
843,KOL_843,MY,fmcg,59200,0.1438,0.7695,0.2665,1231.23,20127,2894,0.38,35+
844,KOL_844,VN,fashion,58145,0.0365,0.3854,0.1823,140.33,19229,701,0.99,25-34
845,KOL_845,VN,fmcg,2549,0.2341,0.6389,0.2798,75.88,669,156,0.1,18-24
846,KOL_846,SG,fmcg,80452,0.066,0.3138,0.1864,980.35,26970,1780,0.58,35+
847,KOL_847,MY,fashion,783358,0.0416,0.976,0.2062,3417.9,219424,9128,0.01,25-34
848,KOL_848,MY,home,229023,0.0335,0.7568,0.2051,806.75,58402,1956,0.08,18-24
849,KOL_849,VN,beauty,57652,0.1319,0.984,0.2048,509.65,14791,1950,0.95,35+
850,KOL_850,VN,home,407649,0.0749,0.704,0.1723,329.89,124988,9361,0.61,35+
851,KOL_851,ID,home,2622,0.2008,0.3257,0.3356,99.77,765,153,0.96,35+
852,KOL_852,MY,home,87566,0.0706,0.7356,0.2061,717.44,24566,1734,0.4,18-24
853,KOL_853,MY,home,809389,0.0633,0.6751,0.2195,2107.26,227595,14406,0.71,35+
854,KOL_854,PH,fmcg,77033,0.104,0.4074,0.1826,186.68,24202,2517,0.25,25-34
855,KOL_855,MY,home,2802,0.2302,0.5306,0.3409,325.53,839,193,0.15,18-24
856,KOL_856,MY,beauty,2604,0.2001,0.565,0.2676,391.74,807,161,0.59,25-34
857,KOL_857,SG,beauty,6716,0.2664,0.6861,0.3397,2288.2,1853,493,0.32,25-34
858,KOL_858,SG,fashion,9711,0.2344,0.5819,0.2759,1963.6,3131,733,0.51,18-24
859,KOL_859,VN,home,28700,0.0874,0.337,0.2508,95.23,8195,716,0.68,25-34
860,KOL_860,TH,home,33999,0.0844,0.6281,0.2753,588.2,10632,897,0.94,18-24
861,KOL_861,MY,beauty,2424,0.2814,0.5189,0.2577,413.63,667,187,0.94,18-24
862,KOL_862,MY,fmcg,21086,0.1238,0.645,0.2477,580.17,5829,721,0.48,35+
863,KOL_863,SG,fashion,98706,0.1459,0.5838,0.2711,4861.34,24795,3617,0.71,35+
864,KOL_864,SG,beauty,55227,0.0717,0.9656,0.2407,2861.54,15187,1088,0.67,35+
865,KOL_865,MY,fmcg,283306,0.0388,0.6596,0.1696,824.32,76412,2964,0.37,18-24
866,KOL_866,TH,home,5092,0.2944,0.9005,0.2983,551.58,1408,414,0.21,35+
867,KOL_867,VN,beauty,61592,0.0602,0.9532,0.2735,467.76,20458,1231,0.85,18-24
868,KOL_868,VN,fashion,8542,0.1584,0.3036,0.2902,158.31,2144,339,0.1,25-34
869,KOL_869,PH,beauty,9668,0.1818,0.3867,0.2656,190.63,3089,561,0.25,25-34
870,KOL_870,TH,beauty,5903,0.1932,0.6755,0.3489,814.08,1924,371,0.16,25-34
871,KOL_871,ID,home,10761,0.0884,0.4389,0.184,85.36,3498,309,0.42,25-34
872,KOL_872,TH,beauty,268100,0.0869,0.9718,0.1621,2050.42,85051,7390,0.5,35+
873,KOL_873,VN,fmcg,52583,0.1329,0.5799,0.1931,170.72,14028,1864,0.79,18-24
874,KOL_874,TH,fmcg,9192,0.1084,0.3364,0.3476,361.36,3053,330,0.01,25-34
875,KOL_875,VN,fashion,8961,0.114,0.7323,0.2749,202.38,3025,344,0.12,25-34
876,KOL_876,MY,fashion,2037480,0.0587,0.6317,0.0689,1760.25,664348,38997,0.63,18-24
877,KOL_877,ID,fmcg,3167,0.168,0.4345,0.2518,103.59,894,150,0.09,18-24
878,KOL_878,TH,fmcg,9601,0.1677,0.462,0.2979,461.34,2922,490,0.43,18-24
879,KOL_879,ID,home,5411,0.1957,0.7981,0.3395,224.07,1539,301,0.04,18-24
880,KOL_880,MY,fmcg,52157,0.0628,0.9359,0.1985,627.35,17064,1071,0.36,25-34
881,KOL_881,TH,home,1223,0.2558,0.3912,0.3243,180.56,380,97,0.53,25-34
882,KOL_882,ID,beauty,5521,0.1371,0.921,0.2541,269.36,1575,215,0.19,25-34
883,KOL_883,PH,fashion,178517,0.0994,0.511,0.1734,454.58,49665,4936,0.04,18-24
884,KOL_884,SG,home,43099,0.1488,0.8923,0.2695,2399.46,14448,2149,0.63,18-24
885,KOL_885,MY,fashion,170998,0.0643,0.9667,0.1799,1723.87,46974,3020,0.29,35+
886,KOL_886,SG,beauty,4116,0.2405,0.7793,0.2666,1423.61,1413,339,0.51,35+
887,KOL_887,SG,fashion,520321,0.0661,0.3025,0.1792,3574.67,130660,8636,0.88,35+
888,KOL_888,TH,beauty,78822,0.0757,0.5075,0.1971,911.74,20078,1519,0.53,25-34
889,KOL_889,MY,fashion,3427,0.2692,0.3931,0.349,617.71,964,259,0.53,18-24
890,KOL_890,VN,home,92927,0.1024,0.3583,0.2522,192.31,29922,3064,0.9,25-34
891,KOL_891,VN,home,1938,0.1921,0.5488,0.2677,49.97,489,93,0.54,35+
892,KOL_892,SG,fashion,7258,0.2681,0.7384,0.3317,2458.78,2040,546,0.32,18-24
893,KOL_893,TH,fashion,61834,0.0525,0.8084,0.2702,1224.85,16226,851,0.5,25-34
894,KOL_894,VN,home,3885,0.1374,0.8106,0.2521,68.49,1054,144,0.89,25-34
895,KOL_895,VN,fmcg,34621,0.0415,0.4717,0.19,68.69,10812,448,0.14,18-24
896,KOL_896,VN,beauty,59528,0.0726,0.3095,0.1932,203.27,15566,1130,0.27,35+
897,KOL_897,TH,beauty,11231,0.1282,0.8153,0.2002,576.62,3791,486,0.76,25-34
898,KOL_898,VN,home,422317,0.0477,0.3391,0.1827,197.2,113645,5420,0.02,18-24
899,KOL_899,MY,fashion,5861,0.1345,0.5907,0.2524,506.23,1902,255,0.39,25-34
900,KOL_900,VN,beauty,39607,0.1492,0.7807,0.2292,447.88,10353,1544,0.22,25-34
901,KOL_901,MY,fashion,6467,0.1394,0.9439,0.2678,726.08,2160,301,0.33,18-24
902,KOL_902,TH,home,29689,0.146,0.7373,0.2675,761.1,8532,1245,0.92,35+
903,KOL_903,MY,fashion,5348,0.2788,0.3535,0.3278,699.43,1487,414,0.32,25-34
904,KOL_904,VN,home,72709,0.1146,0.5992,0.1945,179.48,20823,2386,0.99,18-24
905,KOL_905,PH,home,469738,0.0512,0.7854,0.1338,249.51,160292,8206,0.92,25-34
906,KOL_906,ID,fmcg,75156,0.099,0.6753,0.1884,361.35,24645,2439,0.42,35+
907,KOL_907,MY,fashion,950702,0.0874,0.4646,0.2194,4006.77,239923,20969,0.36,25-34
908,KOL_908,ID,home,4862552,0.0299,0.5526,0.096,617.76,1653550,49441,0.85,25-34
909,KOL_909,VN,fashion,4679,0.0991,0.9734,0.2877,164.52,1183,117,0.7,25-34
910,KOL_910,ID,beauty,2736,0.2028,0.8862,0.2647,235.65,756,153,0.08,18-24
911,KOL_911,VN,home,7823,0.1176,0.8205,0.297,106.56,2694,316,0.34,35+
912,KOL_912,SG,fashion,47587,0.0453,0.7497,0.2303,1810.59,11986,542,0.4,25-34
913,KOL_913,SG,home,69545,0.1109,0.9434,0.2509,2518.96,20856,2312,0.93,25-34
914,KOL_914,PH,beauty,3187334,0.0484,0.8202,0.0719,704.09,893142,43228,0.82,35+
915,KOL_915,VN,fmcg,20119,0.1286,0.5192,0.2627,133.72,5367,690,0.05,25-34
916,KOL_916,TH,beauty,35523,0.0614,0.5539,0.204,596.07,9546,586,0.54,18-24
917,KOL_917,VN,beauty,1179,0.2369,0.6862,0.274,109.13,305,72,0.98,35+
918,KOL_918,MY,home,8926,0.1031,0.9605,0.3252,499.06,2638,271,0.5,25-34
919,KOL_919,TH,fmcg,860940,0.0488,0.7723,0.2097,2144.78,281240,13724,0.1,18-24
920,KOL_920,ID,fashion,7260,0.217,0.3262,0.3182,302.53,1895,411,0.89,18-24
921,KOL_921,VN,fashion,1971276,0.0798,0.758,0.1493,1387.57,624315,49820,0.52,35+
922,KOL_922,TH,home,78588,0.1356,0.8497,0.216,1034.47,26658,3614,0.94,18-24
923,KOL_923,SG,beauty,911782,0.0717,0.9979,0.2158,10597.16,302249,21671,0.63,25-34
924,KOL_924,MY,fmcg,1244,0.1428,0.683,0.2594,163.1,351,50,0.17,25-34
925,KOL_925,VN,fmcg,5589,0.2058,0.3498,0.2758,76.83,1881,387,0.98,25-34
926,KOL_926,TH,home,28408,0.1637,0.6418,0.2201,605.16,9640,1578,0.92,18-24
927,KOL_927,VN,fmcg,77171,0.151,0.5616,0.2306,259.07,21446,3238,0.88,35+
928,KOL_928,MY,fashion,1934,0.2292,0.8749,0.3353,613.71,558,127,0.38,35+
929,KOL_929,TH,fmcg,2195,0.1608,0.7684,0.2968,277.54,685,110,0.9,25-34
930,KOL_930,PH,fashion,3953,0.2772,0.9457,0.2902,257.19,1021,283,0.32,35+
931,KOL_931,PH,fashion,72419,0.0519,0.6816,0.244,339.98,20727,1075,0.57,35+
932,KOL_932,PH,fashion,165432,0.0916,0.6011,0.1254,329.48,42109,3857,0.95,35+
933,KOL_933,PH,beauty,43039,0.0962,0.3485,0.2098,219.39,14458,1390,0.87,35+
934,KOL_934,PH,home,5250,0.1185,0.9265,0.3463,112.81,1617,191,0.16,25-34
935,KOL_935,VN,fmcg,605021,0.0669,0.4125,0.1555,279.04,196664,13156,0.57,18-24
936,KOL_936,ID,home,88266,0.066,0.7049,0.2464,358.48,27251,1798,0.01,25-34
937,KOL_937,PH,home,623707,0.08,0.979,0.1721,516.1,156167,12493,0.99,18-24
938,KOL_938,ID,fmcg,93744,0.1289,0.453,0.2496,499.67,26157,3371,0.6,18-24
939,KOL_939,TH,beauty,4131,0.3,0.3101,0.2802,461.74,1190,357,0.5,18-24
940,KOL_940,SG,fmcg,95054,0.146,0.5462,0.2323,2605.81,29266,4272,0.11,18-24
941,KOL_941,PH,home,58905,0.0612,0.6799,0.2645,177.68,20366,1246,0.68,35+
942,KOL_942,VN,beauty,2625,0.3,0.3727,0.3116,153.57,866,259,0.1,35+
943,KOL_943,MY,home,671195,0.0364,0.7069,0.2052,1391.97,195569,7118,0.22,25-34
944,KOL_944,PH,fmcg,25007,0.061,0.3871,0.2708,117.75,7873,480,0.01,25-34
945,KOL_945,PH,fashion,632217,0.0555,0.4851,0.1204,432.46,217631,12078,0.41,18-24
946,KOL_946,TH,home,7134,0.2697,0.8189,0.267,533.38,2369,638,0.99,18-24
947,KOL_947,SG,fmcg,61296,0.0638,0.88,0.1929,1457.97,20536,1310,0.39,35+
948,KOL_948,ID,beauty,6212,0.1996,0.3697,0.3131,269.13,1954,390,0.84,35+
949,KOL_949,MY,beauty,978013,0.078,0.4426,0.1637,2566.33,326933,25500,0.77,18-24
950,KOL_950,VN,fashion,9907,0.2482,0.5677,0.3483,350.25,3126,775,0.63,25-34
951,KOL_951,PH,home,4633,0.1611,0.4717,0.3159,80.42,1298,209,0.08,18-24
952,KOL_952,SG,beauty,93674,0.1647,0.3777,0.1907,2798.6,28046,4619,0.26,18-24
953,KOL_953,MY,fmcg,9097,0.3,0.4456,0.3295,655.88,2698,809,0.07,35+
954,KOL_954,ID,fashion,7879,0.1653,0.9358,0.2799,409.83,2152,355,0.66,35+
955,KOL_955,SG,beauty,14122,0.0504,0.5427,0.1958,739.88,4051,204,0.93,18-24
956,KOL_956,TH,beauty,80248,0.0427,0.4066,0.2699,846.94,20303,866,0.33,18-24
957,KOL_957,TH,home,3073,0.1527,0.9673,0.2967,318.13,1021,155,0.44,25-34
958,KOL_958,TH,fmcg,362242,0.0445,0.9211,0.1303,901.54,110980,4938,0.17,18-24
959,KOL_959,TH,home,3046115,0.0453,0.7174,0.1123,1778.3,962355,43594,0.43,35+
960,KOL_960,TH,fmcg,2052,0.2121,0.9707,0.2793,325.96,678,143,0.95,35+
961,KOL_961,ID,home,1490,0.1343,0.6006,0.2745,68.32,428,57,0.66,25-34
962,KOL_962,TH,fashion,6151,0.1177,0.3076,0.2965,391.55,1867,219,0.9,35+
963,KOL_963,TH,beauty,5646,0.2222,0.372,0.3074,558.29,1842,409,0.68,25-34
964,KOL_964,MY,home,6244,0.1208,0.6458,0.2921,332.77,1688,203,0.45,35+
965,KOL_965,SG,beauty,7272,0.1261,0.3125,0.3412,1110.44,2109,265,0.13,25-34
966,KOL_966,MY,fmcg,9740,0.2444,0.7513,0.2595,626.44,3256,795,0.42,25-34
967,KOL_967,SG,beauty,6665,0.1831,0.5192,0.2893,1400.1,2131,390,0.49,35+
968,KOL_968,ID,beauty,1509243,0.0799,0.3719,0.1325,1126.57,413678,33052,0.11,25-34
969,KOL_969,TH,beauty,859435,0.0545,0.4338,0.2134,2557.2,221739,12084,0.26,18-24
970,KOL_970,PH,home,5985,0.1091,0.7289,0.3199,94.7,1637,178,0.58,18-24
971,KOL_971,PH,fmcg,3424,0.2798,0.9761,0.3168,173.36,1123,314,0.53,35+
972,KOL_972,ID,beauty,74238,0.1395,0.8116,0.2064,759.71,20986,2927,0.71,25-34
973,KOL_973,MY,beauty,41768,0.1205,0.4441,0.2772,1118.11,10935,1317,0.21,35+
974,KOL_974,SG,home,7308,0.1213,0.4461,0.326,762.99,2146,260,0.71,35+
975,KOL_975,PH,fmcg,9265,0.1077,0.9417,0.3368,184.74,2841,305,0.2,25-34
976,KOL_976,SG,beauty,5552,0.1949,0.966,0.2647,1645.4,1497,291,0.75,18-24
977,KOL_977,PH,home,8550,0.118,0.7633,0.2766,104.15,2701,318,0.08,25-34
978,KOL_978,TH,home,7503,0.2009,0.3372,0.2598,294.79,2539,510,0.38,25-34
979,KOL_979,PH,fmcg,4103,0.1856,0.6707,0.2609,105.51,1050,194,0.65,18-24
980,KOL_980,SG,beauty,1870,0.2853,0.4671,0.2775,842.26,626,178,0.7,25-34
981,KOL_981,PH,fashion,2659,0.158,0.7842,0.2671,133.47,769,121,0.35,25-34
982,KOL_982,VN,fmcg,47745,0.106,0.6523,0.2539,202.6,13890,1472,0.17,35+
983,KOL_983,VN,fmcg,4069,0.1642,0.9736,0.2928,103.71,1027,168,0.18,25-34
984,KOL_984,PH,beauty,279019,0.0858,0.7158,0.1688,608.33,77865,6680,0.47,18-24
985,KOL_985,SG,fashion,694823,0.0727,0.4598,0.1955,5826.66,186013,13523,0.1,35+
986,KOL_986,PH,home,9039,0.2833,0.4801,0.2864,136.26,2273,643,0.83,25-34
987,KOL_987,SG,fmcg,77873,0.1386,0.9315,0.1913,2471.37,25085,3476,0.52,35+
988,KOL_988,PH,beauty,7722,0.2842,0.3991,0.2744,223.58,2688,763,0.7,25-34
989,KOL_989,TH,fmcg,2462,0.1577,0.7471,0.3487,337.21,839,132,0.53,25-34
990,KOL_990,TH,home,465791,0.0891,0.5921,0.1391,1097.42,154427,13759,0.52,25-34
991,KOL_991,TH,home,228935,0.0595,0.9777,0.131,760.86,57507,3421,0.5,35+
992,KOL_992,ID,home,3461,0.1917,0.6907,0.2987,145.17,898,172,0.8,18-24
993,KOL_993,TH,beauty,38485,0.0731,0.3372,0.223,577.42,12325,900,0.83,18-24
994,KOL_994,SG,fashion,6737,0.2993,0.6514,0.3454,2448.02,1962,587,0.14,35+
995,KOL_995,ID,fmcg,2322,0.136,0.9531,0.2923,137.2,811,110,0.1,25-34
996,KOL_996,TH,fashion,726041,0.0527,0.7752,0.1883,2869.77,207659,10943,0.25,25-34
997,KOL_997,PH,fashion,49460,0.0691,0.949,0.2176,341.16,15944,1101,0.1,35+
998,KOL_998,TH,fmcg,51059,0.1007,0.5503,0.2267,684.7,16125,1623,0.46,35+
999,KOL_999,ID,home,7896,0.105,0.9348,0.2627,166.03,2530,265,0.9,25-34
1000,KOL_1000,SG,fmcg,7433,0.1316,0.624,0.3339,1062.82,1944,255,0.05,35+
1001,KOL_1001,MY,beauty,2595,0.2696,0.7834,0.324,647.13,676,182,0.7,35+
1002,KOL_1002,ID,home,9115,0.1424,0.7478,0.3128,221.24,3015,429,0.99,18-24
1003,KOL_1003,SG,beauty,753960,0.0691,0.3,0.172,4134.36,220891,15263,0.2,25-34
1004,KOL_1004,PH,fmcg,9287,0.1636,0.3853,0.3483,150.79,3161,517,0.23,35+
1005,KOL_1005,VN,beauty,8194,0.2814,0.6026,0.2685,287.94,2811,791,0.66,18-24
1006,KOL_1006,MY,fmcg,81654,0.0617,0.5026,0.2167,622.44,22668,1398,0.39,35+
1007,KOL_1007,PH,beauty,586502,0.0578,0.3196,0.1764,505.47,147347,8516,0.58,18-24
1008,KOL_1008,ID,fmcg,96139,0.0933,0.9349,0.2682,664.54,31544,2943,0.28,18-24
1009,KOL_1009,SG,beauty,9244,0.1593,0.6675,0.2674,1611.86,2466,392,0.35,35+
1010,KOL_1010,VN,home,70225,0.1289,0.4948,0.2723,238.0,18114,2334,0.92,35+
1011,KOL_1011,SG,home,71833,0.0964,0.796,0.1929,1685.58,20612,1986,0.59,35+
1012,KOL_1012,ID,beauty,7615,0.0975,0.813,0.3165,312.19,2415,235,0.93,25-34
1013,KOL_1013,ID,beauty,4793,0.3,0.8129,0.34,466.67,1287,386,0.73,25-34
1014,KOL_1014,MY,beauty,540461,0.0821,0.4753,0.1642,2034.47,159646,13106,0.61,18-24
1015,KOL_1015,VN,fashion,436760,0.037,0.3933,0.1396,299.53,141374,5230,0.44,25-34
1016,KOL_1016,MY,beauty,3655,0.1884,0.853,0.3129,646.97,1256,236,0.1,18-24
1017,KOL_1017,MY,home,105491,0.0536,0.6826,0.1385,444.15,36895,1977,0.53,18-24
1018,KOL_1018,SG,fashion,698077,0.088,0.5495,0.2002,7193.5,232044,20419,0.43,25-34
1019,KOL_1019,MY,fmcg,696800,0.0385,0.5088,0.1431,954.27,217574,8376,0.02,25-34
1020,KOL_1020,ID,home,363593,0.0549,0.9107,0.1275,390.28,106718,5858,0.85,35+
1021,KOL_1021,SG,fmcg,62326,0.1095,0.9243,0.2737,2800.71,17735,1941,0.65,18-24
1022,KOL_1022,ID,home,5274,0.1564,0.3416,0.3424,130.48,1382,216,0.24,18-24
1023,KOL_1023,MY,home,691247,0.099,0.8359,0.2181,2692.62,227369,22509,0.6,35+
1024,KOL_1024,MY,beauty,678212,0.0565,0.8063,0.1697,2544.88,199076,11247,0.65,25-34
1025,KOL_1025,ID,fmcg,39852,0.0367,0.8415,0.2482,235.6,12985,476,0.02,25-34
1026,KOL_1026,ID,beauty,7180,0.234,0.5988,0.2938,374.13,2425,567,0.98,25-34
1027,KOL_1027,SG,beauty,6621,0.1625,0.4624,0.2727,1169.45,2204,358,0.57,18-24
1028,KOL_1028,ID,home,362063,0.0758,0.3887,0.1244,291.7,113430,8597,0.6,18-24
1029,KOL_1029,MY,beauty,1544070,0.056,0.3857,0.075,1168.46,528531,29597,0.21,35+
1030,KOL_1030,TH,home,56787,0.1537,0.6105,0.258,947.83,16594,2550,0.87,18-24
1031,KOL_1031,TH,fmcg,45066,0.076,0.3731,0.2506,508.63,15249,1158,0.28,18-24
1032,KOL_1032,ID,beauty,982299,0.0904,0.8193,0.1572,1702.37,264182,23882,0.04,18-24
1033,KOL_1033,MY,home,95184,0.1409,0.3149,0.2078,697.08,30090,4239,0.3,18-24
1034,KOL_1034,MY,fashion,7290,0.2207,0.5693,0.2706,761.16,2011,443,0.66,35+
1035,KOL_1035,SG,home,5999,0.1146,0.9561,0.3423,1032.89,1768,202,0.81,35+
1036,KOL_1036,PH,beauty,1448,0.1848,0.6039,0.3307,115.73,503,92,0.39,35+
1037,KOL_1037,SG,home,401381,0.1019,0.6245,0.1363,2563.8,125333,12771,0.47,18-24
1038,KOL_1038,ID,home,1248,0.1647,0.4921,0.2838,64.8,362,59,0.04,25-34
1039,KOL_1039,MY,home,5104,0.2804,0.7256,0.3068,510.34,1440,403,0.84,18-24
1040,KOL_1040,PH,fashion,12263,0.0875,0.9761,0.2209,196.82,4251,371,0.94,25-34
1041,KOL_1041,TH,home,678236,0.0452,0.4259,0.2069,1189.78,186234,8417,0.23,18-24
1042,KOL_1042,SG,fmcg,1812,0.1533,0.429,0.308,433.18,463,70,0.55,18-24
1043,KOL_1043,TH,beauty,5244,0.2522,0.8915,0.3101,895.09,1669,420,0.11,35+
1044,KOL_1044,VN,fmcg,76982,0.0442,0.6993,0.1871,126.75,22738,1005,0.88,18-24
1045,KOL_1045,PH,home,6902,0.1624,0.7564,0.3122,123.34,1889,306,0.37,25-34
1046,KOL_1046,SG,home,719947,0.0328,0.8656,0.214,3601.13,229642,7532,0.83,18-24
1047,KOL_1047,MY,fashion,29670,0.0942,0.3549,0.2365,692.31,9770,920,0.63,35+
1048,KOL_1048,PH,fmcg,25891,0.1343,0.336,0.2117,129.49,7271,976,0.84,25-34
1049,KOL_1049,PH,home,444651,0.0508,0.5534,0.1948,295.51,118726,6031,0.69,25-34
1050,KOL_1050,TH,fmcg,63729,0.0763,0.654,0.2405,770.05,19609,1496,0.79,18-24
1051,KOL_1051,VN,fashion,26420,0.131,0.9365,0.2406,368.68,7780,1019,0.34,18-24
1052,KOL_1052,ID,fashion,7898,0.1798,0.6459,0.3376,428.83,1990,357,0.17,25-34
1053,KOL_1053,PH,beauty,8698,0.2207,0.3239,0.319,218.97,2249,496,0.13,35+
1054,KOL_1054,VN,home,542876,0.0532,0.6899,0.1319,243.14,189767,10095,0.9,35+
1055,KOL_1055,TH,fmcg,24125,0.129,0.8171,0.2711,776.25,7873,1015,0.74,25-34
1056,KOL_1056,SG,beauty,8816,0.2568,0.8066,0.2652,2178.83,2211,567,0.59,25-34
1057,KOL_1057,SG,home,69444,0.0802,0.6561,0.2745,1952.96,18154,1455,0.23,25-34
1058,KOL_1058,PH,home,9481,0.2862,0.8908,0.2823,188.32,2696,771,0.76,18-24
1059,KOL_1059,TH,beauty,4451,0.1737,0.9157,0.2847,636.81,1197,207,0.12,25-34
1060,KOL_1060,SG,beauty,39312,0.1287,0.9424,0.2725,3617.6,12557,1616,0.28,18-24
1061,KOL_1061,SG,fashion,9334,0.2154,0.9318,0.2507,2122.03,3186,686,0.82,25-34
1062,KOL_1062,TH,beauty,7987,0.248,0.8817,0.3216,1129.84,2119,525,0.44,25-34
1063,KOL_1063,MY,home,21385,0.1551,0.8121,0.2604,697.63,6257,970,0.73,25-34
1064,KOL_1064,MY,home,6494,0.1613,0.659,0.3392,460.02,1663,268,0.43,35+
1065,KOL_1065,VN,beauty,432952,0.0441,0.8863,0.2149,804.27,149347,6586,0.01,18-24
1066,KOL_1066,ID,fmcg,38863,0.106,0.406,0.2083,230.49,10528,1115,0.63,18-24
1067,KOL_1067,PH,fashion,4595177,0.058,0.604,0.121,1336.55,1169144,67810,0.42,25-34
1068,KOL_1068,VN,fashion,92709,0.1085,0.639,0.2678,577.86,26976,2926,0.88,35+
1069,KOL_1069,MY,fashion,92578,0.0796,0.6367,0.1912,1217.25,27851,2216,0.42,25-34
1070,KOL_1070,MY,home,7960,0.1219,0.5232,0.3197,371.84,2711,330,0.13,25-34
1071,KOL_1071,TH,fashion,612937,0.0761,0.3203,0.209,2260.47,204538,15565,0.41,35+
1072,KOL_1072,PH,fmcg,374313,0.0752,0.8663,0.1461,408.26,97158,7306,0.27,35+
1073,KOL_1073,ID,fashion,1747,0.1573,0.7008,0.328,190.9,465,73,0.95,35+
1074,KOL_1074,PH,beauty,26936,0.0912,0.8056,0.258,315.96,8099,738,0.91,35+
1075,KOL_1075,ID,fmcg,1806,0.1953,0.4389,0.336,113.11,509,99,0.29,18-24
1076,KOL_1076,MY,beauty,447606,0.0599,0.4741,0.2045,1967.02,146409,8769,0.1,25-34
1077,KOL_1077,VN,fashion,144340,0.0385,0.461,0.1234,168.11,48371,1862,0.12,25-34
1078,KOL_1078,MY,beauty,27195,0.1447,0.9034,0.2305,1172.49,8500,1229,0.02,35+
1079,KOL_1079,PH,fashion,734255,0.0829,0.7117,0.2031,1163.8,224483,18609,0.78,25-34
1080,KOL_1080,VN,fmcg,13071,0.0723,0.3698,0.2177,56.52,4147,299,0.09,25-34
1081,KOL_1081,PH,beauty,73353,0.0756,0.6546,0.2793,463.28,24298,1836,0.39,25-34
1082,KOL_1082,PH,fashion,849291,0.0345,0.9826,0.1647,769.37,274818,9481,0.56,35+
1083,KOL_1083,ID,fashion,3355,0.2993,0.3668,0.3365,270.84,1089,325,0.59,18-24
1084,KOL_1084,MY,fmcg,8758,0.2255,0.8324,0.2752,636.92,2508,565,0.74,18-24
1085,KOL_1085,SG,fmcg,7660,0.2552,0.4465,0.3046,1159.38,2235,570,0.96,18-24
1086,KOL_1086,MY,beauty,8913,0.2247,0.9949,0.2926,1114.31,2307,518,0.38,18-24
1087,KOL_1087,MY,fmcg,2990,0.1307,0.9803,0.2995,334.62,1016,132,0.49,35+
1088,KOL_1088,TH,home,538460,0.0544,0.6048,0.1722,1153.56,174926,9515,0.89,35+
1089,KOL_1089,VN,home,28548,0.0759,0.862,0.2319,130.88,8166,619,0.47,18-24
1090,KOL_1090,SG,fmcg,883040,0.0889,0.3947,0.121,2744.31,275325,24476,0.18,25-34
1091,KOL_1091,SG,fmcg,1091,0.1472,0.7858,0.2831,409.75,280,41,0.62,35+
1092,KOL_1092,MY,fashion,6741,0.2534,0.5415,0.2775,784.4,2121,537,0.58,25-34
1093,KOL_1093,ID,beauty,7607,0.2921,0.7491,0.3093,506.63,2007,586,0.73,25-34
1094,KOL_1094,PH,home,2676,0.1262,0.7514,0.3076,66.48,810,102,0.97,35+
1095,KOL_1095,ID,fashion,800970,0.0855,0.3019,0.1291,778.5,219443,18762,0.14,25-34
1096,KOL_1096,PH,fmcg,439045,0.0404,0.3959,0.1865,279.66,131197,5300,0.3,18-24
1097,KOL_1097,TH,home,7442,0.1694,0.6321,0.3031,430.63,2479,419,0.84,18-24
1098,KOL_1098,PH,fmcg,974099,0.0441,0.6061,0.1895,547.16,276363,12187,0.69,35+
1099,KOL_1099,PH,home,783769,0.0466,0.556,0.1928,372.78,223962,10436,0.62,18-24
1100,KOL_1100,TH,fashion,3932,0.3,0.4371,0.2506,503.53,1141,342,0.33,25-34
1101,KOL_1101,TH,fmcg,627218,0.0975,0.3235,0.1598,1276.16,202385,19732,0.7,25-34
1102,KOL_1102,SG,fmcg,84996,0.1448,0.9493,0.229,3189.14,29005,4199,0.75,35+
1103,KOL_1103,VN,fashion,946653,0.0358,0.729,0.1906,806.37,259850,9302,0.87,18-24
1104,KOL_1104,MY,home,2956,0.1158,0.3436,0.3483,194.99,838,97,0.66,35+
1105,KOL_1105,VN,home,6185,0.2518,0.9904,0.3016,154.69,1958,493,0.42,35+
1106,KOL_1106,TH,beauty,18513,0.066,0.4033,0.1973,368.17,4719,311,0.28,18-24
1107,KOL_1107,MY,home,63641,0.0634,0.8865,0.2074,640.28,18782,1190,0.12,25-34
1108,KOL_1108,MY,fashion,21284,0.1011,0.3814,0.253,673.64,6081,614,0.32,35+
1109,KOL_1109,PH,beauty,4215868,0.0257,0.7466,0.1377,1078.16,1183325,30411,0.31,35+
1110,KOL_1110,PH,home,35046,0.1309,0.5173,0.1978,130.75,9336,1222,0.57,25-34
1111,KOL_1111,TH,fmcg,4084,0.1406,0.9855,0.2765,373.47,1271,178,0.36,25-34
1112,KOL_1112,MY,fmcg,9569,0.1974,0.8822,0.2656,618.89,2974,587,0.21,35+
1113,KOL_1113,VN,home,94673,0.1407,0.4452,0.1891,190.18,27120,3815,0.26,25-34
1114,KOL_1114,PH,home,2889,0.2114,0.6326,0.2872,76.6,915,193,0.66,18-24
1115,KOL_1115,PH,fmcg,2713,0.2509,0.3055,0.2835,73.16,729,182,0.19,25-34
1116,KOL_1116,SG,fmcg,8648,0.2252,0.6073,0.3094,1370.94,2873,646,0.43,25-34
1117,KOL_1117,VN,fmcg,41927,0.0652,0.5365,0.21,111.69,12401,808,0.76,35+
1118,KOL_1118,MY,fashion,7977,0.2895,0.5805,0.3012,1025.02,2302,666,0.89,35+
1119,KOL_1119,VN,home,308103,0.0986,0.3977,0.1989,285.51,78787,7768,0.97,25-34
1120,KOL_1120,MY,fashion,248333,0.085,0.4157,0.14,1218.96,67721,5756,0.3,18-24
1121,KOL_1121,SG,home,4331,0.1999,0.4079,0.2505,554.06,1164,232,0.34,25-34
1122,KOL_1122,PH,fashion,61648,0.1313,0.7679,0.2563,556.29,16196,2126,0.39,25-34
1123,KOL_1123,VN,fmcg,240013,0.055,0.4982,0.1797,202.4,77504,4262,0.07,25-34
1124,KOL_1124,ID,home,86864,0.0479,0.4247,0.2162,206.33,29931,1433,0.82,35+
1125,KOL_1125,ID,beauty,62190,0.1467,0.3967,0.2011,485.69,19114,2804,0.09,25-34
1126,KOL_1126,PH,beauty,65798,0.0534,0.7727,0.2061,295.64,19904,1062,0.18,25-34
1127,KOL_1127,MY,fmcg,23950,0.0797,0.7802,0.2604,573.63,6038,481,0.16,18-24
1128,KOL_1128,VN,fmcg,60330,0.0986,0.7577,0.2222,207.17,15529,1531,0.3,25-34
1129,KOL_1129,TH,fmcg,25198,0.1161,0.6152,0.2512,605.1,8491,985,0.97,18-24
1130,KOL_1130,ID,beauty,544665,0.0649,0.7723,0.1537,1019.57,182536,11846,0.59,18-24
1131,KOL_1131,TH,beauty,90546,0.1184,0.334,0.1922,966.81,30657,3629,0.46,18-24
1132,KOL_1132,MY,home,819730,0.0546,0.7725,0.1379,1323.59,251710,13743,0.42,25-34
1133,KOL_1133,VN,fmcg,1583,0.2098,0.3256,0.2749,39.7,416,87,0.53,18-24
1134,KOL_1134,PH,fashion,92958,0.1054,0.5418,0.2719,545.37,31817,3353,0.57,18-24
1135,KOL_1135,MY,fmcg,7107,0.1112,0.8067,0.3013,434.25,1857,206,0.34,35+
1136,KOL_1136,VN,beauty,65381,0.0761,0.8227,0.2637,485.38,19895,1514,0.97,18-24
1137,KOL_1137,VN,beauty,49741,0.109,0.8556,0.2174,425.98,16309,1777,0.22,25-34
1138,KOL_1138,ID,home,4042,0.1634,0.7232,0.2773,137.59,1218,199,0.21,25-34
1139,KOL_1139,TH,beauty,46014,0.0714,0.9831,0.2021,965.56,11652,831,0.71,18-24
1140,KOL_1140,PH,home,5715,0.2537,0.6225,0.3041,123.95,1916,486,0.93,18-24
1141,KOL_1141,VN,fmcg,6237,0.1664,0.6234,0.2711,95.76,1734,288,0.67,25-34
1142,KOL_1142,SG,home,96599,0.1525,0.742,0.1883,2317.06,32826,5005,0.37,25-34
1143,KOL_1143,ID,home,573432,0.0663,0.7374,0.1765,670.92,170581,11309,1.0,18-24
1144,KOL_1144,SG,fashion,397678,0.0688,0.4643,0.1578,3478.17,107513,7396,0.1,18-24
1145,KOL_1145,VN,fmcg,2812,0.1935,0.4114,0.305,63.37,883,170,0.75,25-34
1146,KOL_1146,VN,home,392427,0.0502,0.3739,0.1702,190.78,133005,6676,0.39,25-34
1147,KOL_1147,ID,fmcg,70806,0.0806,0.4099,0.2088,273.24,22064,1778,0.83,25-34
1148,KOL_1148,PH,fmcg,99568,0.1349,0.7572,0.1989,358.94,25367,3422,0.62,18-24
1149,KOL_1149,MY,home,75976,0.1544,0.8125,0.241,1214.51,20357,3143,0.57,25-34
1150,KOL_1150,PH,fashion,58535,0.0438,0.8529,0.265,341.15,15956,698,0.46,35+
1151,KOL_1151,ID,home,283723,0.0671,0.4398,0.1265,262.8,71942,4827,0.21,25-34
1152,KOL_1152,PH,beauty,99610,0.122,0.8577,0.2604,731.9,30330,3700,0.87,18-24
1153,KOL_1153,SG,fmcg,2144,0.0872,0.7738,0.3362,521.0,554,48,0.78,25-34
1154,KOL_1154,SG,beauty,663444,0.0417,0.753,0.1639,4548.04,173697,7243,0.29,25-34
1155,KOL_1155,SG,fmcg,860376,0.0804,0.8016,0.1629,4942.37,231354,18600,0.1,25-34
1156,KOL_1156,PH,home,707977,0.0731,0.4183,0.1342,267.9,208854,15267,0.8,18-24
1157,KOL_1157,PH,fashion,6407,0.1992,0.9294,0.3257,308.82,1952,388,0.3,25-34
1158,KOL_1158,ID,fashion,8378,0.2448,0.7161,0.3022,485.72,2121,519,0.22,25-34
1159,KOL_1159,TH,fmcg,48170,0.0785,0.6973,0.2513,732.73,14458,1134,0.15,35+
1160,KOL_1160,ID,home,5789,0.252,0.4595,0.2648,155.65,1459,367,0.26,35+
1161,KOL_1161,TH,fashion,77740,0.0877,0.4193,0.2387,1129.33,23539,2064,0.31,25-34
1162,KOL_1162,PH,fmcg,8950,0.2552,0.6374,0.2514,171.66,2304,587,0.34,25-34
1163,KOL_1163,VN,fashion,3459,0.1686,0.8525,0.2857,171.46,1100,185,0.57,35+
1164,KOL_1164,ID,fashion,980780,0.0901,0.8514,0.1564,1799.19,249499,22479,0.4,18-24
1165,KOL_1165,VN,beauty,3128260,0.0244,0.6743,0.147,959.45,811411,19798,0.45,35+
1166,KOL_1166,ID,fashion,5195,0.2348,0.9554,0.319,456.73,1766,414,0.18,35+
1167,KOL_1167,MY,fashion,5546,0.1073,0.8815,0.3023,643.52,1448,155,0.21,18-24
1168,KOL_1168,MY,home,86188,0.0814,0.9171,0.259,1072.42,22743,1851,0.2,18-24
1169,KOL_1169,PH,home,72394,0.0625,0.4505,0.2369,145.12,22864,1429,0.43,18-24
1170,KOL_1170,SG,fmcg,68017,0.114,0.864,0.2792,2944.39,19067,2173,0.75,35+
1171,KOL_1171,VN,home,3892,0.1649,0.4986,0.2764,64.57,1245,205,0.25,25-34
1172,KOL_1172,ID,fmcg,75937,0.0726,0.9841,0.1807,360.12,26303,1909,0.97,25-34
1173,KOL_1173,PH,home,33435,0.0462,0.5132,0.2438,93.14,10565,488,0.82,18-24
1174,KOL_1174,SG,fmcg,899909,0.0436,0.5138,0.1303,2383.55,264306,11523,0.93,18-24
1175,KOL_1175,ID,fashion,30263,0.0686,0.5774,0.241,349.94,8208,563,0.33,35+
1176,KOL_1176,ID,home,3740939,0.0543,0.8085,0.0972,894.3,1094418,59426,0.37,25-34
1177,KOL_1177,SG,fmcg,6798,0.2511,0.5156,0.3263,1247.23,1705,428,0.76,25-34
1178,KOL_1178,TH,beauty,7697,0.1864,0.9825,0.3319,1047.54,2132,397,0.21,35+
1179,KOL_1179,SG,fashion,7119,0.1025,0.5677,0.3297,1312.28,2412,247,0.5,25-34
1180,KOL_1180,SG,fmcg,4983,0.1409,0.959,0.3452,1154.1,1729,243,0.05,35+
1181,KOL_1181,MY,beauty,8979,0.1719,0.7103,0.2556,722.02,2595,446,0.28,25-34
1182,KOL_1182,TH,fmcg,47255,0.0465,0.8249,0.2624,634.32,13046,606,0.59,35+
1183,KOL_1183,VN,home,2441,0.178,0.6826,0.3057,68.75,819,145,0.29,18-24
1184,KOL_1184,TH,fmcg,2114,0.2905,0.8173,0.3247,413.06,583,169,0.18,25-34
1185,KOL_1185,TH,beauty,6934,0.1755,0.7928,0.264,689.35,2391,419,0.41,25-34
1186,KOL_1186,SG,home,936866,0.0336,0.9391,0.1216,2460.75,291521,9795,1.0,35+
1187,KOL_1187,VN,beauty,442958,0.0851,0.7024,0.1934,905.33,147787,12576,0.09,35+
1188,KOL_1188,SG,fmcg,657594,0.0412,0.896,0.181,3633.48,189419,7804,0.75,35+
1189,KOL_1189,ID,home,46289,0.1019,0.996,0.1873,291.46,14355,1462,0.45,35+
1190,KOL_1190,SG,fmcg,66675,0.1338,0.5057,0.1819,1574.09,18514,2477,0.32,18-24
1191,KOL_1191,VN,fashion,4651,0.2343,0.6727,0.327,238.29,1457,341,0.93,35+
1192,KOL_1192,MY,beauty,260018,0.0387,0.5159,0.1733,1065.31,66297,2565,0.78,35+
1193,KOL_1193,ID,fashion,2134,0.1563,0.4611,0.2803,145.79,642,100,0.99,18-24
1194,KOL_1194,PH,beauty,327789,0.0721,0.9143,0.2034,823.15,106530,7680,0.03,35+
1195,KOL_1195,ID,fmcg,318717,0.0557,0.5794,0.179,491.2,83764,4665,0.09,18-24
1196,KOL_1196,MY,fmcg,85799,0.1061,0.8296,0.2541,1260.48,27321,2898,0.75,25-34
1197,KOL_1197,TH,beauty,37568,0.1617,0.5519,0.2745,1336.14,9458,1529,0.01,25-34
1198,KOL_1198,PH,home,23115,0.0896,0.8856,0.2029,117.9,6124,548,0.65,25-34
1199,KOL_1199,TH,beauty,116620,0.0901,0.7532,0.1341,1002.85,33234,2994,0.18,18-24
1200,KOL_1200,SG,fashion,3551,0.1269,0.3273,0.3366,799.41,1226,155,0.29,35+
1201,KOL_1201,ID,fashion,30641,0.0777,0.663,0.2165,360.76,8108,629,0.79,18-24
1202,KOL_1202,SG,home,50116,0.0812,0.889,0.1828,1294.09,12740,1034,0.33,25-34
1203,KOL_1203,SG,fashion,3364,0.2443,0.5639,0.2658,1119.02,848,207,0.35,18-24
1204,KOL_1204,SG,fmcg,2086,0.1216,0.9884,0.2634,537.34,675,82,0.81,18-24
1205,KOL_1205,SG,home,8692,0.2595,0.526,0.3457,1401.52,2857,741,0.72,25-34
1206,KOL_1206,ID,fashion,84873,0.0564,0.3909,0.2459,446.09,22771,1284,0.72,25-34
1207,KOL_1207,TH,home,210340,0.0439,0.811,0.191,831.87,67728,2973,0.67,35+
1208,KOL_1208,VN,fashion,44960,0.1099,0.5954,0.2379,347.31,11520,1266,0.75,25-34
1209,KOL_1209,ID,fashion,35938,0.1262,0.7442,0.2197,535.33,9032,1139,0.57,25-34
1210,KOL_1210,PH,fashion,296869,0.081,0.704,0.1653,592.11,82828,6709,0.55,18-24
1211,KOL_1211,ID,home,95912,0.1404,0.5361,0.2141,412.98,31962,4487,0.77,25-34
1212,KOL_1212,TH,fmcg,97557,0.1448,0.484,0.2442,1146.53,33291,4820,0.13,18-24
1213,KOL_1213,TH,home,4481600,0.0271,0.507,0.0953,1190.17,1410487,38224,0.98,18-24
1214,KOL_1214,SG,fashion,3116965,0.0339,0.9199,0.0642,3914.38,895558,30359,0.78,18-24
1215,KOL_1215,SG,beauty,56391,0.106,0.694,0.26,3219.62,17068,1809,0.54,35+
1216,KOL_1216,VN,fashion,656658,0.0374,0.7763,0.2043,759.24,184094,6885,0.54,35+
1217,KOL_1217,TH,fmcg,36502,0.0804,0.9642,0.2701,815.83,10850,872,0.89,25-34
1218,KOL_1218,TH,fashion,5915,0.0926,0.689,0.3423,588.44,1547,143,0.06,25-34
1219,KOL_1219,ID,fmcg,8879,0.2855,0.8649,0.3286,416.3,2881,822,0.42,35+
1220,KOL_1220,PH,beauty,6741,0.13,0.4934,0.3226,184.67,2284,296,0.94,18-24
1221,KOL_1221,MY,home,3333,0.2528,0.3075,0.3024,251.27,1154,291,0.6,18-24
1222,KOL_1222,ID,beauty,49167,0.1321,0.727,0.268,739.37,15088,1993,0.88,18-24
1223,KOL_1223,VN,fmcg,5185,0.1213,0.7095,0.3258,95.58,1526,185,0.52,18-24
1224,KOL_1224,VN,fmcg,3530491,0.0861,0.4689,0.1337,701.02,1109365,95516,0.42,35+
1225,KOL_1225,VN,home,5590,0.2872,0.9333,0.292,147.61,1655,475,0.98,18-24
1226,KOL_1226,VN,home,8955,0.1483,0.7138,0.2604,104.7,3038,450,0.83,25-34
1227,KOL_1227,PH,beauty,84136,0.0818,0.9477,0.2402,534.04,22649,1852,0.58,18-24
1228,KOL_1228,PH,fmcg,2000821,0.0438,0.9327,0.1218,623.12,510655,22366,0.35,25-34
1229,KOL_1229,VN,fmcg,701196,0.0779,0.5791,0.1869,461.64,178659,13917,0.22,18-24
1230,KOL_1230,VN,fmcg,6389,0.1349,0.8613,0.3349,126.73,1856,250,0.36,35+
1231,KOL_1231,VN,home,5074,0.1685,0.5272,0.3269,90.63,1351,227,0.21,35+
1232,KOL_1232,PH,beauty,62601,0.1332,0.4204,0.2134,347.85,20699,2757,0.54,18-24
1233,KOL_1233,TH,fmcg,6010,0.1283,0.7476,0.3139,427.94,1894,243,0.2,35+
1234,KOL_1234,ID,home,54171,0.1439,0.8283,0.1816,331.29,15097,2172,0.58,35+
1235,KOL_1235,SG,beauty,83463,0.0739,0.4245,0.1999,1966.65,22348,1651,0.71,35+
1236,KOL_1236,ID,fmcg,44520,0.0533,0.5477,0.1904,185.71,13537,721,0.61,18-24
1237,KOL_1237,VN,home,4683,0.1625,0.6836,0.2526,75.24,1284,208,0.83,18-24
1238,KOL_1238,TH,fashion,4700,0.2056,0.4018,0.3465,604.14,1614,331,0.61,25-34
1239,KOL_1239,SG,fmcg,82250,0.136,0.4302,0.2427,2169.28,26905,3659,0.75,35+
1240,KOL_1240,ID,home,481650,0.0801,0.5592,0.174,580.2,125461,10049,0.96,18-24
1241,KOL_1241,SG,fmcg,5045,0.2652,0.3676,0.3035,867.24,1314,348,0.81,35+
1242,KOL_1242,ID,fmcg,6707,0.2541,0.6879,0.2769,256.51,1731,439,0.46,25-34
1243,KOL_1243,PH,beauty,67171,0.0541,0.3155,0.2696,251.3,20697,1119,0.87,18-24
1244,KOL_1244,VN,beauty,6806,0.1205,0.6988,0.3214,221.36,2203,265,0.43,18-24
1245,KOL_1245,TH,home,1902632,0.0563,0.788,0.0733,1071.82,608815,34276,0.95,18-24
1246,KOL_1246,MY,home,814418,0.0788,0.9796,0.1787,2312.86,212912,16777,0.61,35+
1247,KOL_1247,ID,fashion,31129,0.1115,0.7211,0.1829,383.75,9809,1093,0.73,25-34
1248,KOL_1248,PH,fmcg,7611,0.2437,0.5712,0.3196,186.15,2044,498,0.85,18-24
1249,KOL_1249,MY,fashion,6818,0.1327,0.4764,0.2761,532.78,1910,253,0.23,35+
1250,KOL_1250,SG,beauty,54527,0.0788,0.4804,0.2782,2430.15,14116,1112,0.68,18-24
1251,KOL_1251,SG,home,9669,0.0972,0.5144,0.3359,869.26,2593,252,0.19,35+
1252,KOL_1252,ID,home,80151,0.061,0.9105,0.2374,359.59,27340,1667,0.44,18-24
1253,KOL_1253,MY,home,68340,0.0373,0.6763,0.2735,586.18,17967,670,0.35,18-24
1254,KOL_1254,SG,home,31939,0.1389,0.7225,0.2738,1824.41,10682,1483,0.55,25-34
1255,KOL_1255,ID,fashion,222035,0.0668,0.4724,0.216,758.26,71590,4782,0.19,25-34
1256,KOL_1256,VN,beauty,1960,0.3,0.8676,0.3348,217.55,513,153,0.66,25-34
1257,KOL_1257,SG,fashion,690345,0.0709,0.5759,0.1483,4869.29,190343,13495,0.45,18-24
1258,KOL_1258,PH,beauty,7984,0.1742,0.6433,0.2822,232.39,2491,433,0.61,25-34
1259,KOL_1259,MY,fashion,47643,0.1322,0.6693,0.2747,1657.69,14425,1906,0.89,35+
1260,KOL_1260,MY,beauty,669154,0.0398,0.3336,0.2167,1742.53,217738,8665,0.19,35+
1261,KOL_1261,TH,beauty,8107,0.2495,0.4248,0.3411,840.54,2128,530,0.46,18-24
1262,KOL_1262,SG,beauty,847017,0.0558,0.6467,0.1245,4184.75,261757,14606,0.21,35+
1263,KOL_1263,TH,fashion,5758,0.0931,0.8695,0.3487,666.19,1673,155,0.37,25-34
1264,KOL_1264,PH,home,3321,0.2278,0.4807,0.2705,69.99,969,220,0.41,18-24
1265,KOL_1265,PH,home,64216,0.0899,0.4326,0.24,162.74,21186,1904,0.69,18-24
1266,KOL_1266,MY,beauty,68868,0.0573,0.3494,0.1959,620.56,23698,1357,0.49,18-24
1267,KOL_1267,VN,fmcg,31937,0.1333,0.7766,0.2085,166.5,9158,1220,0.28,35+
1268,KOL_1268,MY,fmcg,2956,0.1997,0.4415,0.2701,248.9,1004,200,1.0,25-34
1269,KOL_1269,VN,beauty,24602,0.0717,0.4291,0.2042,161.63,7669,549,0.44,18-24
1270,KOL_1270,ID,home,15380,0.113,0.9822,0.1844,172.96,3874,437,0.95,25-34
1271,KOL_1271,VN,beauty,362986,0.0903,0.4405,0.1591,549.96,100779,9100,0.95,35+
1272,KOL_1272,MY,fmcg,4014,0.2143,0.8048,0.2569,385.84,1129,241,0.6,25-34
1273,KOL_1273,MY,fmcg,28790,0.0947,0.378,0.2318,424.74,7269,688,0.62,18-24
1274,KOL_1274,ID,beauty,52160,0.0721,0.3727,0.2181,327.8,17649,1272,0.06,25-34
1275,KOL_1275,SG,beauty,225454,0.0971,0.3246,0.122,1977.36,71975,6988,0.94,35+
1276,KOL_1276,SG,home,7336,0.2041,0.778,0.2845,1142.88,2485,507,0.45,18-24
1277,KOL_1277,PH,home,57203,0.0605,0.8117,0.2682,192.87,17315,1047,0.74,25-34
1278,KOL_1278,ID,fmcg,250978,0.0321,0.9159,0.1325,307.95,83274,2673,0.35,25-34
1279,KOL_1279,PH,home,64752,0.0894,0.9667,0.2138,217.0,21638,1934,0.4,35+
1280,KOL_1280,VN,home,42244,0.0579,0.4362,0.27,115.18,13905,805,0.37,25-34
1281,KOL_1281,SG,fmcg,3315,0.1965,0.6166,0.2551,658.71,940,184,0.34,18-24
1282,KOL_1282,ID,fmcg,77829,0.0991,0.3167,0.2367,316.52,20868,2068,0.27,35+
1283,KOL_1283,ID,fmcg,30428,0.113,0.8606,0.2116,311.43,8613,973,0.87,18-24
1284,KOL_1284,VN,beauty,610327,0.0589,0.7286,0.1876,873.47,204156,12024,0.07,18-24
1285,KOL_1285,TH,fashion,1864,0.1458,0.9521,0.3244,461.76,520,75,0.31,18-24
1286,KOL_1286,VN,fashion,6169,0.238,0.6326,0.279,228.85,1645,391,0.8,18-24
1287,KOL_1287,PH,fashion,259402,0.0367,0.9372,0.1762,458.18,85450,3136,0.47,25-34
1288,KOL_1288,PH,beauty,42688,0.1546,0.4027,0.2556,362.73,11782,1821,0.88,25-34
1289,KOL_1289,TH,fmcg,3792,0.26,0.9914,0.3085,547.66,1041,270,0.45,18-24
1290,KOL_1290,MY,home,4970346,0.0575,0.5378,0.0569,1151.53,1313335,75516,0.62,35+
1291,KOL_1291,ID,home,3449,0.1381,0.9723,0.2792,136.41,904,124,0.35,25-34
1292,KOL_1292,SG,home,7844,0.2863,0.4769,0.3482,1341.21,1985,568,0.49,18-24
1293,KOL_1293,TH,beauty,4912,0.223,0.9973,0.2773,770.48,1616,360,0.66,35+
1294,KOL_1294,VN,beauty,1514,0.1442,0.7369,0.2803,102.28,430,62,0.9,25-34
1295,KOL_1295,PH,fmcg,5428,0.2276,0.8622,0.3207,187.3,1492,339,0.94,35+
1296,KOL_1296,VN,beauty,4160,0.1839,0.9394,0.3305,254.88,1203,221,0.86,18-24
1297,KOL_1297,TH,beauty,3105,0.2304,0.3521,0.2654,354.09,897,206,0.78,18-24
1298,KOL_1298,MY,fashion,1220,0.2355,0.9362,0.3083,469.97,416,97,0.97,35+
1299,KOL_1299,ID,fashion,924319,0.0791,0.3393,0.2118,1399.13,241717,19119,0.19,35+
1300,KOL_1300,VN,beauty,1016111,0.0485,0.4472,0.0887,378.81,336007,16296,0.53,25-34
1301,KOL_1301,TH,beauty,842641,0.1023,0.4302,0.1643,2659.93,277190,28356,0.01,18-24
1302,KOL_1302,VN,beauty,2104200,0.029,0.9809,0.1203,846.73,545915,15831,0.19,25-34
1303,KOL_1303,SG,fmcg,338778,0.043,0.7146,0.1707,2243.96,103399,4446,0.22,25-34
1304,KOL_1304,VN,home,871169,0.0399,0.9234,0.1481,346.51,238929,9533,0.06,18-24
1305,KOL_1305,VN,fmcg,17917,0.1185,0.356,0.1812,69.18,6004,711,0.67,25-34
1306,KOL_1306,SG,home,57379,0.1205,0.9715,0.2527,2437.65,16958,2043,0.45,35+
1307,KOL_1307,VN,fashion,488439,0.0701,0.5194,0.1428,512.57,133287,9343,0.04,25-34
1308,KOL_1308,PH,fmcg,70508,0.0824,0.9616,0.2669,356.99,21431,1765,0.45,18-24
1309,KOL_1309,TH,fmcg,60536,0.0739,0.3976,0.279,668.13,20312,1501,0.15,25-34
1310,KOL_1310,MY,fmcg,3830,0.1476,0.4519,0.2972,271.14,1096,161,0.34,18-24
1311,KOL_1311,ID,fashion,30750,0.0834,0.6845,0.2287,401.88,10652,888,0.5,25-34
1312,KOL_1312,MY,beauty,267585,0.0673,0.5474,0.2153,1823.65,90030,6059,0.48,25-34
1313,KOL_1313,MY,home,9499,0.3,0.5914,0.3132,663.72,2721,816,0.63,35+
1314,KOL_1314,VN,home,90167,0.0475,0.4973,0.2607,157.13,24641,1170,0.37,25-34
1315,KOL_1315,VN,fashion,8324,0.1607,0.9612,0.341,329.11,2401,385,0.63,25-34
1316,KOL_1316,ID,home,681956,0.0586,0.7888,0.1982,798.91,200494,11748,0.71,35+
1317,KOL_1317,SG,beauty,5081,0.1959,0.3136,0.2884,979.6,1345,263,0.62,18-24
1318,KOL_1318,TH,beauty,70645,0.1188,0.9708,0.2249,1706.54,24029,2854,0.19,25-34
1319,KOL_1319,VN,beauty,57681,0.1156,0.4726,0.2127,343.51,19504,2254,0.48,18-24
1320,KOL_1320,ID,fashion,435582,0.0604,0.9182,0.2158,1406.75,148058,8942,0.61,25-34
1321,KOL_1321,PH,fmcg,35551,0.0977,0.4738,0.2501,181.55,12380,1209,0.01,25-34
1322,KOL_1322,MY,home,5851,0.1098,0.8337,0.2965,354.2,1614,177,0.45,25-34
1323,KOL_1323,PH,home,87836,0.0839,0.9558,0.1998,227.53,29386,2465,0.28,35+
1324,KOL_1324,TH,fashion,1277,0.1385,0.6868,0.2815,274.54,412,57,0.38,18-24
1325,KOL_1325,MY,home,94715,0.0683,0.7292,0.2124,753.0,32993,2253,0.04,35+
1326,KOL_1326,MY,fashion,3160,0.2249,0.3979,0.344,537.69,910,204,0.09,25-34
1327,KOL_1327,PH,beauty,2418338,0.0237,0.3487,0.1025,398.92,772833,18316,0.79,35+
1328,KOL_1328,TH,fashion,2465,0.2588,0.3807,0.2739,377.7,781,202,0.68,18-24
1329,KOL_1329,ID,fashion,4694,0.1689,0.831,0.3001,323.05,1339,226,0.39,35+
1330,KOL_1330,VN,fmcg,12523,0.0901,0.3165,0.235,61.67,3212,289,0.2,18-24
1331,KOL_1331,TH,fashion,9052,0.1076,0.7071,0.2897,672.76,2418,260,0.54,35+
1332,KOL_1332,ID,home,46885,0.0666,0.5719,0.2134,204.73,14400,959,0.9,25-34
1333,KOL_1333,VN,fmcg,5675,0.1872,0.9774,0.2705,121.05,1534,287,0.04,18-24
1334,KOL_1334,VN,fashion,36946,0.0633,0.8231,0.2687,317.31,12585,796,0.3,25-34
1335,KOL_1335,SG,beauty,4765,0.238,0.4766,0.281,1256.05,1301,309,0.83,25-34
1336,KOL_1336,ID,fmcg,7366,0.2409,0.5735,0.298,257.22,2452,590,0.29,35+
1337,KOL_1337,MY,beauty,360591,0.0313,0.3002,0.2057,1021.49,108120,3384,0.93,25-34
1338,KOL_1338,VN,fashion,84463,0.1281,0.5576,0.2771,579.32,27223,3487,0.08,25-34
1339,KOL_1339,TH,fmcg,48989,0.1397,0.5114,0.273,917.08,13923,1945,0.12,35+
1340,KOL_1340,ID,beauty,99368,0.1417,0.9524,0.1913,889.41,28689,4065,0.46,35+
1341,KOL_1341,VN,fashion,45800,0.0739,0.6358,0.2015,251.59,14706,1086,0.68,18-24
1342,KOL_1342,SG,beauty,8085,0.2591,0.981,0.3157,2751.56,2809,727,0.88,35+
1343,KOL_1343,ID,fashion,8850,0.1307,0.7699,0.319,399.24,3042,397,0.0,35+
1344,KOL_1344,VN,beauty,8132,0.2247,0.8544,0.2787,316.8,2123,477,0.6,25-34
1345,KOL_1345,SG,fashion,671045,0.0434,0.5599,0.1521,3798.26,213215,9253,0.41,35+
1346,KOL_1346,VN,fmcg,71274,0.1601,0.4033,0.2476,233.29,21159,3387,0.36,25-34
1347,KOL_1347,PH,fmcg,5148,0.2631,0.5511,0.3254,159.08,1455,382,0.89,25-34
1348,KOL_1348,VN,fashion,91928,0.0533,0.7429,0.2651,430.49,25267,1346,0.98,18-24
1349,KOL_1349,SG,beauty,515604,0.0349,0.3783,0.172,2728.44,166614,5814,0.0,35+
1350,KOL_1350,PH,beauty,31587,0.1281,0.8514,0.2125,343.37,9426,1207,0.55,25-34
1351,KOL_1351,MY,fashion,61485,0.0612,0.5856,0.244,1064.57,19087,1168,0.16,35+
1352,KOL_1352,MY,fmcg,297480,0.0896,0.9785,0.1344,1238.95,76736,6875,0.69,25-34
1353,KOL_1353,ID,beauty,7653,0.1466,0.7468,0.2516,292.38,2215,324,0.12,18-24
1354,KOL_1354,PH,home,813537,0.0324,0.9657,0.1862,403.08,204770,6634,0.7,25-34
1355,KOL_1355,PH,beauty,7142,0.1387,0.7128,0.3179,232.55,1817,252,0.5,25-34
1356,KOL_1356,MY,fmcg,8759,0.2627,0.6773,0.3189,718.62,2825,742,0.88,35+
1357,KOL_1357,MY,fmcg,13581,0.0932,0.8313,0.2052,379.95,3583,333,0.08,35+
1358,KOL_1358,ID,fmcg,761965,0.0933,0.8243,0.1234,808.26,231098,21561,0.55,35+
1359,KOL_1359,SG,beauty,327075,0.0641,0.7787,0.2136,5247.12,96332,6174,0.07,18-24
1360,KOL_1360,MY,home,84062,0.0932,0.7576,0.2386,948.86,29061,2708,0.17,25-34
1361,KOL_1361,VN,fashion,3666,0.1112,0.5987,0.3469,145.87,955,106,0.2,25-34
1362,KOL_1362,PH,beauty,7345,0.2786,0.9338,0.2802,337.2,2064,575,0.34,35+
1363,KOL_1363,MY,beauty,74664,0.0641,0.7905,0.1964,1030.65,19747,1265,0.74,35+
1364,KOL_1364,VN,home,67422,0.1029,0.601,0.2435,205.34,17726,1824,0.42,18-24
1365,KOL_1365,VN,home,7918,0.0993,0.9144,0.2975,104.18,2499,248,0.92,18-24
1366,KOL_1366,VN,home,3654,0.1063,0.4376,0.3057,52.05,1158,123,0.07,35+
1367,KOL_1367,TH,fashion,7770,0.1062,0.4417,0.3247,548.55,2343,248,0.01,18-24
1368,KOL_1368,MY,home,11594,0.055,0.7099,0.268,294.33,3179,174,0.32,18-24
1369,KOL_1369,ID,beauty,940146,0.0472,0.6348,0.1372,924.49,307523,14515,0.63,35+
1370,KOL_1370,MY,fmcg,174364,0.0357,0.6569,0.1713,625.27,45969,1641,0.57,18-24
1371,KOL_1371,TH,fmcg,64199,0.1269,0.4577,0.186,644.94,19587,2485,0.04,25-34
1372,KOL_1372,PH,fashion,129010,0.0464,0.5616,0.1949,311.1,34339,1593,0.48,35+
1373,KOL_1373,SG,home,777424,0.0947,0.4689,0.1697,3711.22,204193,19337,0.43,18-24
1374,KOL_1374,VN,beauty,83621,0.0551,0.4019,0.217,268.64,27348,1506,0.28,35+
1375,KOL_1375,TH,fmcg,458071,0.0518,0.529,0.1711,1088.41,139821,7242,0.76,35+
1376,KOL_1376,SG,fashion,83424,0.146,0.7627,0.2269,4276.8,22346,3262,0.69,25-34
1377,KOL_1377,TH,home,90788,0.1013,0.4877,0.2394,806.96,26429,2677,0.31,25-34
1378,KOL_1378,TH,fmcg,693510,0.0495,0.4343,0.1479,1025.39,228932,11332,0.67,18-24
1379,KOL_1379,VN,home,925118,0.043,0.5065,0.1913,354.63,303750,13061,0.32,25-34
1380,KOL_1380,ID,fashion,32729,0.0564,0.504,0.2398,306.77,10776,607,0.83,18-24
1381,KOL_1381,TH,fmcg,948904,0.0598,0.639,0.1737,1878.13,256407,15333,0.25,18-24
1382,KOL_1382,ID,home,7169,0.3,0.3023,0.3428,198.44,2257,677,0.93,35+
1383,KOL_1383,PH,fmcg,46318,0.0939,0.486,0.2395,197.04,15482,1453,0.44,25-34
1384,KOL_1384,MY,beauty,3967,0.1343,0.9959,0.2777,545.74,1272,170,0.54,18-24
1385,KOL_1385,SG,beauty,879117,0.0712,0.9239,0.121,5594.4,264030,18798,0.98,35+
1386,KOL_1386,TH,home,8041,0.1357,0.7226,0.3341,472.14,2165,293,0.02,35+
1387,KOL_1387,SG,beauty,4602,0.1532,0.5683,0.3454,1329.22,1196,183,0.57,35+
1388,KOL_1388,PH,fashion,2131327,0.0608,0.4723,0.0742,505.37,692636,42112,0.17,18-24
1389,KOL_1389,SG,fmcg,393047,0.0346,0.5159,0.1646,1776.42,113478,3926,0.1,18-24
1390,KOL_1390,SG,fmcg,68213,0.095,0.5691,0.1823,1426.4,23320,2215,0.27,35+
1391,KOL_1391,PH,fmcg,78673,0.0665,0.6553,0.2407,252.2,22723,1511,0.14,18-24
1392,KOL_1392,TH,home,99558,0.0886,0.445,0.2205,695.27,28965,2566,0.71,18-24
1393,KOL_1393,VN,beauty,8695,0.3,0.6943,0.2952,361.42,2993,897,0.02,35+
1394,KOL_1394,PH,beauty,7241,0.1021,0.6117,0.2937,171.95,2166,221,0.23,25-34
1395,KOL_1395,VN,fashion,372483,0.0572,0.8976,0.2046,761.53,118118,6756,0.36,18-24
1396,KOL_1396,MY,home,3601,0.1254,0.335,0.2953,187.49,1050,131,0.14,25-34
1397,KOL_1397,ID,beauty,4047,0.1376,0.6644,0.3121,241.01,1305,179,0.65,35+
1398,KOL_1398,MY,fashion,9977,0.1896,0.4175,0.3103,810.55,2573,487,0.07,18-24
1399,KOL_1399,TH,fashion,3928,0.2241,0.6874,0.2653,577.49,1077,241,0.25,18-24
1400,KOL_1400,SG,beauty,3814,0.2543,0.3145,0.2894,971.77,1039,264,0.05,18-24
1401,KOL_1401,TH,fmcg,353678,0.0994,0.7017,0.1446,1289.57,99898,9929,0.71,35+
1402,KOL_1402,PH,fmcg,1692,0.1092,0.3004,0.3178,42.37,524,57,0.55,35+
1403,KOL_1403,SG,fmcg,78819,0.0954,0.6638,0.2552,2322.89,23993,2288,0.94,18-24
1404,KOL_1404,TH,home,75500,0.0464,0.3514,0.1916,338.33,26281,1219,0.41,25-34
1405,KOL_1405,PH,fashion,1391,0.1482,0.3112,0.295,65.05,383,56,0.65,25-34
1406,KOL_1406,PH,fmcg,3331,0.0948,0.6073,0.2966,73.5,1071,101,0.37,18-24
1407,KOL_1407,VN,beauty,64499,0.1344,0.4019,0.2095,355.74,16560,2225,0.35,25-34
1408,KOL_1408,SG,fmcg,554435,0.0333,0.8748,0.1241,2031.97,170030,5661,0.07,25-34
1409,KOL_1409,VN,home,9302,0.1529,0.4022,0.256,79.96,2846,435,0.22,35+
1410,KOL_1410,SG,home,8345,0.1969,0.6222,0.2785,1048.1,2138,420,0.8,35+
1411,KOL_1411,VN,beauty,8182,0.2467,0.6598,0.3499,367.35,2202,543,0.93,25-34
1412,KOL_1412,ID,beauty,8206,0.2563,0.4008,0.3117,363.32,2333,597,0.39,18-24
1413,KOL_1413,PH,fashion,1198,0.2641,0.6985,0.2927,119.79,372,98,0.26,18-24
1414,KOL_1414,MY,fashion,2085,0.1143,0.8091,0.2968,383.05,563,64,0.92,25-34
1415,KOL_1415,TH,fmcg,8530,0.25,0.8095,0.3456,815.34,2397,599,0.58,35+
1416,KOL_1416,ID,home,953940,0.0852,0.5286,0.2006,943.94,270636,23058,0.23,18-24
1417,KOL_1417,VN,fmcg,45676,0.0763,0.6492,0.1851,122.28,13879,1058,0.8,25-34
1418,KOL_1418,ID,fmcg,3424,0.2328,0.4533,0.3405,175.12,906,210,0.7,35+
1419,KOL_1419,ID,fmcg,7551,0.1745,0.3568,0.3448,202.28,2566,447,0.07,25-34
1420,KOL_1420,PH,beauty,159668,0.0662,0.4078,0.1534,277.28,45985,3044,0.12,18-24
1421,KOL_1421,PH,fashion,74469,0.1376,0.4498,0.2086,389.89,23618,3249,0.8,25-34
1422,KOL_1422,MY,beauty,6359,0.2419,0.3705,0.265,539.7,2028,490,0.49,18-24
1423,KOL_1423,MY,fmcg,932139,0.0904,0.9943,0.1378,2276.79,250530,22647,0.29,25-34
1424,KOL_1424,TH,home,56825,0.0993,0.4157,0.19,463.1,18980,1884,0.08,18-24
1425,KOL_1425,PH,beauty,35198,0.142,0.8769,0.2067,376.73,9993,1419,0.62,35+
1426,KOL_1426,ID,beauty,5660,0.1263,0.8967,0.2996,304.53,1644,207,0.69,18-24
1427,KOL_1427,TH,home,6548,0.2466,0.8672,0.2794,526.19,2047,504,0.42,18-24
1428,KOL_1428,ID,fashion,988273,0.049,0.4685,0.1237,781.42,254768,12483,0.59,18-24
1429,KOL_1429,TH,home,8355,0.1336,0.4977,0.3079,365.26,2824,377,0.48,25-34
1430,KOL_1430,MY,home,5956,0.2625,0.6313,0.2657,430.87,1685,442,0.35,18-24
1431,KOL_1431,PH,home,5131,0.1946,0.6245,0.295,99.95,1617,314,0.75,35+
1432,KOL_1432,ID,beauty,51259,0.1564,0.9077,0.2669,914.08,14159,2214,0.95,25-34
1433,KOL_1433,SG,fmcg,6481,0.1446,0.468,0.3457,932.8,1827,264,0.72,25-34
1434,KOL_1434,TH,home,1151,0.2407,0.8601,0.2503,194.46,349,84,0.77,35+
1435,KOL_1435,SG,home,3421,0.1744,0.8156,0.3031,786.94,1125,196,0.99,35+
1436,KOL_1436,PH,home,306215,0.0686,0.8602,0.1739,317.18,101319,6950,0.46,25-34
1437,KOL_1437,PH,fmcg,7673,0.2483,0.344,0.3414,156.39,2541,630,0.57,25-34
1438,KOL_1438,MY,fashion,333728,0.0578,0.7564,0.1868,2097.24,100087,5785,0.39,18-24
1439,KOL_1439,MY,fmcg,15314,0.0706,0.4673,0.1848,237.1,3984,281,0.8,25-34
1440,KOL_1440,VN,home,81636,0.1226,0.908,0.2569,319.83,25842,3168,0.05,35+
1441,KOL_1441,PH,home,5711,0.2832,0.9479,0.2677,142.22,1633,462,0.01,25-34
1442,KOL_1442,VN,home,5023,0.2477,0.3909,0.2669,76.87,1404,347,0.67,25-34
1443,KOL_1443,TH,home,7986,0.1266,0.3683,0.3498,339.73,2704,342,0.55,18-24
1444,KOL_1444,ID,beauty,3548,0.3,0.3023,0.3279,236.16,1025,307,0.97,18-24
1445,KOL_1445,PH,beauty,453926,0.0416,0.8457,0.1681,584.81,153744,6395,0.28,18-24
1446,KOL_1446,TH,beauty,2507,0.1649,0.4325,0.3411,383.43,785,129,0.8,18-24
1447,KOL_1447,SG,fashion,1680703,0.0258,0.8707,0.0979,3720.01,585737,15112,0.35,25-34
1448,KOL_1448,PH,fashion,931170,0.0731,0.6587,0.1368,797.46,314198,22967,0.64,35+
1449,KOL_1449,PH,fmcg,18768,0.1582,0.8842,0.2187,200.52,6007,950,0.37,18-24
1450,KOL_1450,TH,home,4081,0.0964,0.9914,0.2916,289.83,1023,98,0.97,25-34
1451,KOL_1451,ID,fmcg,2572,0.223,0.3815,0.2994,119.84,817,182,0.12,18-24
1452,KOL_1452,TH,beauty,769076,0.0493,0.8755,0.2059,3153.63,199466,9833,0.94,35+
1453,KOL_1453,TH,home,1574282,0.0676,0.9995,0.135,2215.91,413072,27923,0.98,25-34
1454,KOL_1454,TH,home,6052,0.2408,0.3183,0.2685,291.04,1608,387,0.87,35+
1455,KOL_1455,TH,home,23123,0.0702,0.4849,0.2688,379.56,6528,458,0.58,35+
1456,KOL_1456,SG,beauty,342766,0.0315,0.8324,0.2012,3667.31,105168,3312,0.91,35+
1457,KOL_1457,PH,beauty,7613,0.216,0.9432,0.3158,342.39,2178,470,0.74,18-24
1458,KOL_1458,TH,fmcg,1065,0.1205,0.6285,0.3042,155.12,299,36,0.16,35+
1459,KOL_1459,SG,beauty,359603,0.0322,0.7539,0.1831,3289.16,91003,2930,0.47,35+
1460,KOL_1460,ID,fmcg,32199,0.1329,0.7777,0.1805,281.74,10192,1354,0.88,35+
1461,KOL_1461,PH,fashion,913971,0.0887,0.4665,0.1813,970.68,279406,24783,0.19,35+
1462,KOL_1462,TH,home,3231,0.1858,0.9375,0.2749,328.22,871,161,0.71,25-34
1463,KOL_1463,VN,home,75231,0.0355,0.7135,0.2491,142.01,23531,835,0.18,35+
1464,KOL_1464,ID,beauty,97952,0.0716,0.4616,0.2531,578.16,30955,2216,0.13,18-24
1465,KOL_1465,VN,beauty,2845,0.2247,0.8021,0.2913,189.76,885,198,0.21,18-24
1466,KOL_1466,VN,home,3019,0.2594,0.5878,0.2943,82.46,858,222,0.86,18-24
1467,KOL_1467,ID,fmcg,6786,0.1444,0.9627,0.2989,248.4,1976,285,0.44,25-34
1468,KOL_1468,VN,fmcg,8595,0.1428,0.8836,0.3024,138.3,2357,336,0.41,25-34
1469,KOL_1469,SG,beauty,5576,0.1463,0.6313,0.3086,1346.4,1750,256,0.3,18-24
1470,KOL_1470,PH,fashion,46125,0.1507,0.4887,0.2238,359.12,12624,1902,0.02,18-24
1471,KOL_1471,ID,beauty,60407,0.0727,0.6568,0.2068,445.9,18139,1318,0.52,35+
1472,KOL_1472,SG,beauty,9462,0.2791,0.3142,0.2741,1518.02,2654,740,0.25,18-24
1473,KOL_1473,SG,fashion,800918,0.1054,0.7021,0.1828,8703.03,269478,28402,0.0,18-24
1474,KOL_1474,MY,home,7876,0.1816,0.4354,0.3221,414.91,2404,436,0.25,25-34
1475,KOL_1475,SG,home,92424,0.0929,0.7211,0.1896,1755.94,30836,2864,0.62,18-24
1476,KOL_1476,PH,fashion,6507,0.1847,0.6727,0.2931,229.44,2202,406,0.02,18-24
1477,KOL_1477,PH,beauty,3244,0.1623,0.4435,0.2603,109.5,1091,177,0.44,18-24
1478,KOL_1478,SG,fmcg,4514,0.1263,0.4795,0.262,558.14,1272,160,0.64,25-34
1479,KOL_1479,TH,fashion,198024,0.0496,0.3831,0.1244,675.29,58585,2905,0.54,35+
1480,KOL_1480,ID,fmcg,864061,0.0336,0.8719,0.2087,898.43,229134,7698,0.09,35+
1481,KOL_1481,PH,fashion,5549,0.1059,0.9543,0.2527,164.74,1486,157,0.98,35+
1482,KOL_1482,MY,fashion,5509,0.1519,0.464,0.2696,493.74,1591,241,0.2,25-34
1483,KOL_1483,VN,fashion,96725,0.0926,0.322,0.2167,313.25,29089,2693,0.83,25-34
1484,KOL_1484,ID,home,2036,0.2394,0.5647,0.2535,95.48,553,132,0.68,25-34
1485,KOL_1485,ID,fashion,3581,0.1276,0.3759,0.2766,152.04,1161,148,0.71,35+
1486,KOL_1486,PH,fashion,87553,0.1563,0.9891,0.2629,842.03,30618,4785,0.66,18-24
1487,KOL_1487,TH,home,2782103,0.0334,0.6116,0.1106,1326.92,706025,23581,0.2,25-34
1488,KOL_1488,VN,fashion,9772,0.1693,0.707,0.3401,313.06,2678,453,0.74,35+
1489,KOL_1489,VN,fashion,218662,0.067,0.7548,0.1253,354.63,60556,4057,0.54,18-24
1490,KOL_1490,MY,fashion,352165,0.0938,0.7248,0.1739,2501.02,93517,8771,0.34,35+
1491,KOL_1491,PH,fmcg,5278,0.1483,0.4248,0.335,109.31,1530,226,0.14,18-24
1492,KOL_1492,VN,beauty,21715,0.1006,0.35,0.2538,201.9,6747,678,0.46,35+
1493,KOL_1493,VN,beauty,6532,0.1144,0.846,0.3363,243.27,1664,190,0.08,18-24
1494,KOL_1494,PH,beauty,947221,0.0652,0.7816,0.1639,991.33,307456,20046,0.65,18-24
1495,KOL_1495,TH,home,884830,0.0839,0.4048,0.1579,1377.68,236301,19825,0.79,35+
1496,KOL_1496,SG,fmcg,48291,0.0601,0.8689,0.2087,1350.33,16351,982,0.91,18-24
1497,KOL_1497,PH,beauty,5734,0.2176,0.5199,0.3007,210.84,1912,416,0.03,35+
1498,KOL_1498,MY,home,5280,0.267,0.7457,0.3224,539.57,1601,427,0.53,25-34
1499,KOL_1499,ID,home,3014,0.1317,0.4886,0.287,90.74,779,102,0.37,18-24
1500,KOL_1500,PH,beauty,493558,0.0823,0.3276,0.1607,510.32,139144,11451,0.41,35+
1501,KOL_1501,VN,fashion,91014,0.0909,0.8407,0.1926,432.32,23748,2158,0.27,18-24
1502,KOL_1502,SG,beauty,510703,0.0481,0.9231,0.1462,4232.79,175731,8452,0.26,35+
1503,KOL_1503,PH,fashion,8760,0.2255,0.661,0.3028,301.22,2255,508,0.4,18-24
1504,KOL_1504,VN,fashion,2073,0.1245,0.7745,0.3022,115.0,683,85,0.67,35+
1505,KOL_1505,VN,fashion,5875,0.1216,0.5939,0.2868,159.0,2010,244,0.43,18-24
1506,KOL_1506,TH,fmcg,5126,0.1295,0.8754,0.2657,363.68,1663,215,0.76,18-24
1507,KOL_1507,ID,home,4753,0.2346,0.6804,0.2692,168.34,1631,382,0.91,18-24
1508,KOL_1508,TH,beauty,71581,0.0793,0.4959,0.2572,1147.09,23881,1893,0.11,18-24
1509,KOL_1509,VN,fashion,75663,0.1067,0.4928,0.2266,384.7,25728,2745,0.7,35+
1510,KOL_1510,TH,fashion,14920,0.0749,0.9952,0.2005,591.68,4172,312,0.21,25-34
1511,KOL_1511,PH,fashion,9621,0.1431,0.7962,0.3307,301.43,3230,462,0.1,18-24
1512,KOL_1512,SG,beauty,69604,0.1044,0.8512,0.2406,3637.95,19028,1986,0.24,18-24
1513,KOL_1513,ID,beauty,35950,0.0839,0.7508,0.2682,512.41,12489,1047,0.03,18-24
1514,KOL_1514,TH,fmcg,4850918,0.0701,0.6477,0.0595,1585.49,1475232,103413,0.86,35+
1515,KOL_1515,MY,beauty,78743,0.1178,0.4294,0.2386,1284.67,22425,2641,0.78,18-24
1516,KOL_1516,TH,fmcg,88275,0.0834,0.7819,0.2437,1049.85,30217,2520,0.26,25-34
1517,KOL_1517,MY,fashion,725027,0.041,0.5909,0.1592,1961.0,226580,9289,0.13,18-24
1518,KOL_1518,SG,home,2161,0.2908,0.7475,0.2609,665.55,614,178,0.23,25-34
1519,KOL_1519,PH,fashion,54951,0.1356,0.8296,0.1971,426.62,15029,2037,0.94,35+
1520,KOL_1520,PH,beauty,29383,0.0474,0.5346,0.1892,142.13,7494,355,0.7,35+
1521,KOL_1521,TH,beauty,9514,0.2346,0.33,0.3278,747.87,2724,639,0.24,25-34
1522,KOL_1522,PH,beauty,16076,0.0854,0.8224,0.2739,253.38,4414,376,0.87,18-24
1523,KOL_1523,MY,fmcg,36631,0.0773,0.7252,0.1954,505.43,11024,852,0.07,35+
1524,KOL_1524,MY,fmcg,3875,0.2348,0.5384,0.3009,380.14,1062,249,0.44,18-24
1525,KOL_1525,SG,fashion,73605,0.0883,0.9317,0.2784,4236.66,25211,2226,0.26,35+
1526,KOL_1526,SG,fmcg,1485821,0.0386,0.3035,0.128,2175.7,461267,17804,0.3,25-34
1527,KOL_1527,ID,fashion,677020,0.0823,0.5852,0.1845,1397.3,185525,15268,0.05,35+
1528,KOL_1528,SG,beauty,1295,0.1911,0.5578,0.3303,746.09,397,75,0.57,18-24
1529,KOL_1529,SG,fmcg,69389,0.1528,0.4159,0.2567,2196.3,22038,3367,0.81,35+
1530,KOL_1530,TH,fmcg,8474,0.1187,0.4016,0.3137,358.01,2701,320,0.25,25-34
1531,KOL_1531,SG,fashion,48588,0.0423,0.5167,0.2753,1754.49,13706,579,0.11,18-24
1532,KOL_1532,MY,fmcg,3314,0.2499,0.6947,0.3122,427.46,840,209,0.99,25-34
1533,KOL_1533,VN,fmcg,2928,0.1867,0.9241,0.2674,83.47,842,157,0.31,35+
1534,KOL_1534,VN,fashion,4610,0.1732,0.9355,0.3399,250.03,1419,245,0.14,35+
1535,KOL_1535,TH,fmcg,976580,0.0817,0.3022,0.2087,1839.92,259585,21208,0.98,35+
1536,KOL_1536,ID,fmcg,66904,0.0787,0.8943,0.2391,443.92,19664,1547,0.54,18-24
1537,KOL_1537,TH,fmcg,44870,0.051,0.701,0.243,552.64,12992,662,0.01,25-34
1538,KOL_1538,ID,home,203026,0.0813,0.402,0.1772,327.7,54694,4446,0.25,18-24
1539,KOL_1539,TH,home,518037,0.0626,0.8574,0.1826,1532.4,132168,8273,0.85,18-24
1540,KOL_1540,SG,fmcg,39325,0.0421,0.6597,0.2707,1152.65,11425,480,0.06,18-24
1541,KOL_1541,SG,home,7343,0.1752,0.7678,0.3324,1229.61,1861,326,0.05,18-24
1542,KOL_1542,SG,beauty,1917,0.2077,0.5051,0.3358,915.58,562,116,0.05,25-34
1543,KOL_1543,VN,fmcg,760118,0.0739,0.9646,0.1827,590.63,196622,14530,0.73,18-24
1544,KOL_1544,TH,fmcg,45405,0.0418,0.6099,0.1962,379.02,15029,628,0.89,35+
1545,KOL_1545,SG,beauty,63955,0.1171,0.5412,0.2546,3116.27,20020,2344,0.72,25-34
1546,KOL_1546,MY,home,150012,0.1007,0.9527,0.1223,757.35,46087,4640,0.67,25-34
1547,KOL_1547,ID,home,4199,0.1378,0.3624,0.2858,93.96,1137,156,0.2,25-34
1548,KOL_1548,ID,beauty,9924,0.2824,0.4434,0.2579,365.01,2648,747,0.0,18-24
1549,KOL_1549,ID,fmcg,7912,0.1482,0.7687,0.2996,243.38,2565,380,0.98,25-34
1550,KOL_1550,TH,home,4575,0.2117,0.6816,0.3093,399.97,1515,320,0.96,35+
1551,KOL_1551,MY,fmcg,3307,0.256,0.3301,0.2775,264.8,854,218,0.24,18-24
1552,KOL_1552,PH,fmcg,23318,0.0847,0.9494,0.2467,191.16,6527,552,0.92,18-24
1553,KOL_1553,SG,fashion,3645,0.2537,0.926,0.2602,1489.03,1010,256,0.26,25-34
1554,KOL_1554,VN,fmcg,9947,0.1846,0.8491,0.2734,149.92,2923,539,0.87,18-24
1555,KOL_1555,SG,home,665560,0.0416,0.6607,0.1608,2559.79,210754,8767,0.23,25-34
1556,KOL_1556,VN,fmcg,1096128,0.0526,0.6812,0.0903,248.54,289628,15234,0.45,35+
1557,KOL_1557,ID,beauty,9134,0.143,0.8459,0.2865,382.34,2286,326,0.38,18-24
1558,KOL_1558,ID,beauty,3800,0.1414,0.5295,0.3492,236.48,1297,183,0.87,25-34
1559,KOL_1559,TH,fmcg,6489,0.2045,0.3734,0.3069,387.92,1696,346,0.52,18-24
1560,KOL_1560,SG,beauty,3273,0.1604,0.6197,0.3058,1060.46,1091,174,0.77,25-34
1561,KOL_1561,ID,fashion,9877,0.16,0.3113,0.3392,315.54,2508,401,0.85,18-24
1562,KOL_1562,VN,home,3901592,0.0669,0.6796,0.1007,553.88,1128420,75491,0.65,25-34
1563,KOL_1563,MY,beauty,454127,0.0922,0.6875,0.1484,2148.03,143145,13197,0.63,35+
1564,KOL_1564,ID,fashion,14692,0.1144,0.5499,0.2695,343.61,4495,514,0.45,25-34
1565,KOL_1565,MY,beauty,4059,0.1089,0.4924,0.3219,405.17,1354,147,0.97,25-34
1566,KOL_1566,PH,fmcg,74549,0.0736,0.7365,0.2519,286.56,19897,1464,0.84,18-24
1567,KOL_1567,SG,home,4213,0.2137,0.8534,0.3182,1038.1,1053,225,0.4,18-24
1568,KOL_1568,VN,home,41127,0.0853,0.9181,0.2556,189.44,13478,1149,0.38,35+
1569,KOL_1569,TH,fashion,8481,0.1837,0.3874,0.3278,712.6,2470,453,0.85,25-34
1570,KOL_1570,TH,home,9578,0.1837,0.4373,0.2686,374.96,2647,486,0.63,18-24
1571,KOL_1571,ID,fashion,85504,0.1447,0.8812,0.2346,1027.37,23065,3337,0.34,18-24
1572,KOL_1572,PH,fashion,6371,0.1481,0.8057,0.3414,259.14,1944,287,0.39,35+
1573,KOL_1573,VN,home,4631,0.2509,0.6708,0.2602,94.87,1598,400,0.99,35+
1574,KOL_1574,SG,home,7409,0.1491,0.7521,0.3456,1172.45,2424,361,0.32,35+
1575,KOL_1575,MY,fashion,8991,0.2384,0.4832,0.2807,839.62,2886,688,0.12,35+
1576,KOL_1576,PH,fmcg,964372,0.0794,0.3792,0.1365,416.24,267195,21215,0.52,35+
1577,KOL_1577,ID,fmcg,4866,0.1325,0.887,0.2808,181.69,1382,183,0.29,18-24
1578,KOL_1578,SG,fashion,6370,0.1285,0.4215,0.3318,1205.2,2080,267,0.73,35+
1579,KOL_1579,SG,home,7983,0.1791,0.3112,0.3453,857.33,2148,384,0.7,35+
1580,KOL_1580,TH,fashion,397250,0.105,0.3246,0.1657,1706.23,133995,14069,0.95,18-24
1581,KOL_1581,ID,fmcg,78645,0.0799,0.8128,0.1807,349.4,22618,1807,0.13,35+
1582,KOL_1582,SG,fmcg,55654,0.0941,0.9546,0.2216,2018.74,16571,1559,0.86,35+
1583,KOL_1583,ID,fmcg,68953,0.0927,0.9038,0.2506,515.36,21417,1985,0.34,35+
1584,KOL_1584,TH,home,393197,0.0646,0.7118,0.1988,1345.36,117176,7569,0.18,18-24
1585,KOL_1585,TH,beauty,2944,0.3,0.5997,0.2636,509.97,739,221,0.88,18-24
1586,KOL_1586,ID,beauty,6027,0.1603,0.7531,0.3458,374.49,1641,263,0.64,18-24
1587,KOL_1587,MY,fashion,432794,0.0297,0.538,0.1833,1416.7,136096,4042,0.56,18-24
1588,KOL_1588,PH,fmcg,47212,0.0811,0.6674,0.2386,215.83,15822,1283,0.14,35+
1589,KOL_1589,VN,home,1931495,0.0508,0.8522,0.1143,431.64,522118,26523,0.75,18-24
1590,KOL_1590,TH,fashion,9442,0.3,0.9435,0.345,1578.22,2431,729,0.53,18-24
1591,KOL_1591,ID,fashion,23875,0.1098,0.344,0.2679,337.43,5998,658,0.63,35+
1592,KOL_1592,PH,home,7179,0.2763,0.6637,0.299,147.2,2003,553,0.72,25-34
1593,KOL_1593,MY,fmcg,9724,0.1319,0.6631,0.2677,445.62,2616,345,0.9,25-34
1594,KOL_1594,PH,fashion,44123,0.1171,0.7394,0.2179,370.78,11297,1322,0.33,35+
1595,KOL_1595,MY,fmcg,8431,0.1848,0.4688,0.2553,393.83,2294,423,0.72,18-24
1596,KOL_1596,VN,fashion,33009,0.0496,0.4388,0.2726,196.66,10936,542,0.58,18-24
1597,KOL_1597,SG,fashion,4884291,0.0197,0.4086,0.1241,4812.34,1683263,33160,0.17,18-24
1598,KOL_1598,ID,fashion,52854,0.1152,0.7483,0.2036,576.37,14578,1679,0.33,25-34
1599,KOL_1599,TH,home,42049,0.1404,0.6781,0.2067,658.21,11512,1616,0.49,35+
1600,KOL_1600,MY,home,74631,0.07,0.5029,0.2061,545.3,20737,1451,0.58,25-34
1601,KOL_1601,SG,fmcg,25267,0.0589,0.8774,0.1803,839.43,8655,509,0.17,18-24
1602,KOL_1602,SG,fmcg,6424,0.1673,0.628,0.3219,1077.43,1825,305,0.49,25-34
1603,KOL_1603,MY,fashion,9502,0.133,0.8686,0.3293,1014.06,2781,369,0.73,35+
1604,KOL_1604,SG,fmcg,674599,0.0372,0.3311,0.1807,2122.28,229677,8543,0.52,35+
1605,KOL_1605,VN,home,559665,0.0497,0.818,0.1867,367.78,163336,8117,0.18,35+
1606,KOL_1606,MY,fashion,17979,0.1441,0.8532,0.1817,794.01,5113,736,0.24,25-34
1607,KOL_1607,MY,home,85060,0.137,0.3766,0.2635,901.1,23935,3279,0.95,35+
1608,KOL_1608,VN,home,22264,0.038,0.704,0.2464,78.54,5944,225,0.3,25-34
1609,KOL_1609,MY,fmcg,9378,0.1432,0.4374,0.3492,483.11,2429,347,0.21,35+
1610,KOL_1610,ID,fashion,89783,0.1308,0.3339,0.1916,503.19,25023,3273,0.12,35+
1611,KOL_1611,MY,beauty,582707,0.0632,0.3977,0.1316,1358.83,170749,10791,0.4,18-24
1612,KOL_1612,VN,home,143885,0.041,0.6125,0.1862,146.18,44640,1830,0.76,18-24
1613,KOL_1613,TH,fashion,4507,0.1097,0.602,0.3036,463.49,1465,160,0.18,35+
1614,KOL_1614,TH,fashion,950667,0.0514,0.4047,0.13,1617.78,274950,14132,0.02,35+
1615,KOL_1615,SG,home,91965,0.1101,0.9019,0.2782,3129.05,25450,2802,0.6,25-34
1616,KOL_1616,VN,fmcg,4172,0.2305,0.9774,0.334,142.21,1076,248,0.81,35+
1617,KOL_1617,VN,fmcg,38130,0.1212,0.5417,0.2623,182.26,12712,1540,0.1,25-34
1618,KOL_1618,SG,home,5513,0.1562,0.6848,0.2887,825.15,1511,236,0.21,18-24
1619,KOL_1619,PH,beauty,2227,0.3,0.318,0.2922,117.24,649,194,0.61,25-34
1620,KOL_1620,PH,beauty,9107,0.14,0.7336,0.2931,246.78,3159,442,0.59,25-34
1621,KOL_1621,MY,home,3072,0.2745,0.9616,0.2819,414.36,849,233,0.83,35+
1622,KOL_1622,ID,beauty,10993,0.0685,0.4998,0.1925,149.94,3491,239,0.91,25-34
1623,KOL_1623,TH,beauty,3367384,0.078,0.558,0.0871,2803.12,1151240,89796,0.68,25-34
1624,KOL_1624,MY,fashion,7965,0.3,0.4759,0.3337,1045.9,2248,674,0.46,18-24
1625,KOL_1625,MY,fashion,1973,0.2765,0.6599,0.2527,445.64,681,188,0.79,35+
1626,KOL_1626,ID,fmcg,8361,0.1939,0.363,0.3016,197.96,2647,513,0.01,18-24
1627,KOL_1627,VN,beauty,802750,0.0491,0.7149,0.2174,1049.89,208657,10245,0.46,18-24
1628,KOL_1628,ID,home,63554,0.083,0.6234,0.188,244.75,16280,1351,0.81,25-34
1629,KOL_1629,PH,fashion,9694,0.2901,0.4396,0.2614,253.04,2625,761,0.02,35+
1630,KOL_1630,PH,fmcg,55735,0.0993,0.5487,0.2396,236.28,17998,1787,0.03,18-24
1631,KOL_1631,ID,fmcg,53746,0.0651,0.9105,0.1957,298.87,17036,1109,0.92,25-34
1632,KOL_1632,SG,fashion,558028,0.0766,0.7096,0.2031,6917.41,185347,14197,0.85,18-24
1633,KOL_1633,TH,beauty,5358,0.1766,0.5174,0.3255,605.46,1459,257,0.05,35+
1634,KOL_1634,VN,home,71257,0.0497,0.3138,0.2386,103.87,22270,1106,0.77,35+
1635,KOL_1635,VN,beauty,5416,0.2029,0.7674,0.2817,235.34,1530,310,0.04,35+
1636,KOL_1636,PH,fmcg,14967,0.121,0.8811,0.2583,184.64,4825,583,0.99,35+
1637,KOL_1637,PH,fmcg,2066,0.1435,0.7796,0.3103,84.42,707,101,0.29,25-34
1638,KOL_1638,PH,fmcg,204414,0.0402,0.9668,0.1771,282.47,59238,2381,0.23,18-24
1639,KOL_1639,VN,home,558117,0.0459,0.9769,0.1783,368.37,146997,6747,1.0,25-34
1640,KOL_1640,PH,fashion,170250,0.0896,0.4156,0.1226,268.74,57874,5185,0.05,25-34
1641,KOL_1641,ID,beauty,666809,0.0786,0.5875,0.1831,1289.96,200714,15776,0.1,35+
1642,KOL_1642,SG,fmcg,938008,0.0345,0.7913,0.2101,4331.66,249176,8596,0.08,25-34
1643,KOL_1643,TH,beauty,4065855,0.0703,0.7114,0.1315,4984.68,1053483,74059,0.97,25-34
1644,KOL_1644,TH,fashion,418887,0.0606,0.3842,0.1771,1547.59,133581,8095,0.97,25-34
1645,KOL_1645,SG,beauty,11511,0.0862,0.318,0.2219,757.81,3533,304,0.47,18-24
1646,KOL_1646,SG,fmcg,288566,0.0858,0.3596,0.1292,1570.67,93373,8011,0.67,18-24
1647,KOL_1647,SG,fmcg,75494,0.1173,0.854,0.236,2644.27,23008,2698,0.15,35+
1648,KOL_1648,VN,beauty,706702,0.1009,0.8936,0.1467,1065.31,223158,22516,0.23,18-24
1649,KOL_1649,MY,fmcg,2448,0.2521,0.5482,0.34,356.98,776,195,0.25,25-34
1650,KOL_1650,PH,fmcg,4672,0.1605,0.3749,0.2682,80.47,1495,239,0.05,35+
1651,KOL_1651,SG,fashion,836112,0.0823,0.5634,0.192,7393.21,289218,23802,0.43,25-34
1652,KOL_1652,TH,beauty,50946,0.0557,0.4071,0.2186,624.57,14045,782,0.98,25-34
1653,KOL_1653,ID,beauty,41871,0.1271,0.6798,0.2303,556.14,12286,1561,0.27,25-34
1654,KOL_1654,TH,fmcg,75773,0.0561,0.6051,0.228,656.6,25110,1408,0.53,35+
1655,KOL_1655,MY,fashion,65694,0.0467,0.3624,0.2799,867.48,17349,810,0.59,35+
1656,KOL_1656,MY,fashion,3674,0.3,0.8003,0.2713,748.92,1127,338,0.89,25-34
1657,KOL_1657,MY,fmcg,5073,0.1007,0.6894,0.2832,303.37,1692,170,0.7,18-24
1658,KOL_1658,SG,beauty,5561,0.2498,0.4835,0.2929,1459.46,1422,355,0.87,35+
1659,KOL_1659,PH,fmcg,1462,0.2511,0.8916,0.3397,109.97,381,95,0.77,18-24
1660,KOL_1660,SG,beauty,87928,0.1067,0.7413,0.2666,4274.68,29546,3152,0.83,18-24
1661,KOL_1661,MY,fashion,2304,0.1837,0.8935,0.334,603.67,735,135,0.18,25-34
1662,KOL_1662,ID,fmcg,44737,0.1035,0.6769,0.2496,378.08,14792,1530,0.31,35+
1663,KOL_1663,SG,home,6117,0.2639,0.5291,0.3479,1196.73,1580,416,0.11,35+
1664,KOL_1664,TH,fashion,3958,0.118,0.6344,0.3197,486.97,1185,139,0.89,18-24
1665,KOL_1665,ID,fmcg,2153,0.1904,0.8097,0.2707,133.44,618,117,0.25,35+
1666,KOL_1666,MY,fmcg,23108,0.0897,0.5607,0.2286,444.84,5978,536,0.02,35+
1667,KOL_1667,TH,fashion,49470,0.121,0.9799,0.1847,1251.73,15450,1869,1.0,35+
1668,KOL_1668,PH,fmcg,923675,0.1033,0.7294,0.161,760.03,273763,28279,0.79,25-34
1669,KOL_1669,PH,home,6091,0.1808,0.643,0.3038,109.69,1552,280,0.57,25-34
1670,KOL_1670,PH,fashion,331455,0.0435,0.726,0.1443,406.45,107081,4658,0.26,25-34
1671,KOL_1671,TH,home,921328,0.0407,0.8393,0.1254,1119.63,282300,11489,0.63,35+
1672,KOL_1672,PH,fashion,40002,0.1209,0.9523,0.2656,496.23,10485,1267,0.17,25-34
1673,KOL_1673,PH,home,8404,0.2069,0.7858,0.2901,145.49,2883,596,0.32,18-24
1674,KOL_1674,MY,home,2698,0.1082,0.9884,0.3411,299.09,932,100,0.82,25-34
1675,KOL_1675,SG,beauty,77773,0.1267,0.3043,0.1908,2008.67,24266,3074,0.52,25-34
1676,KOL_1676,ID,home,74819,0.1324,0.9122,0.2244,484.29,25140,3328,0.9,25-34
1677,KOL_1677,PH,beauty,63549,0.1406,0.747,0.1947,437.91,16795,2361,0.92,18-24
1678,KOL_1678,ID,fmcg,5116,0.1571,0.6351,0.2846,173.98,1580,248,0.73,35+
1679,KOL_1679,TH,fashion,6740,0.3,0.5579,0.281,835.19,1811,543,0.67,35+
1680,KOL_1680,TH,beauty,627919,0.0488,0.8578,0.1231,1677.79,218883,10681,0.43,25-34
1681,KOL_1681,ID,beauty,47382,0.1063,0.4019,0.1911,345.21,13430,1427,0.15,35+
1682,KOL_1682,PH,beauty,2197332,0.0685,0.8155,0.0951,917.28,752115,51519,0.4,18-24
1683,KOL_1683,ID,beauty,5808,0.2413,0.4165,0.2692,261.1,2020,487,0.54,35+
1684,KOL_1684,SG,beauty,2192,0.2673,0.3088,0.3301,853.72,565,151,0.61,25-34
1685,KOL_1685,MY,fmcg,4467438,0.0213,0.7447,0.1109,1685.18,1532529,32642,0.98,25-34
1686,KOL_1686,TH,fashion,75934,0.1221,0.9257,0.2681,2197.8,19080,2329,0.04,35+
1687,KOL_1687,PH,fmcg,876268,0.0325,0.9108,0.1705,491.38,286462,9310,0.91,25-34
1688,KOL_1688,TH,home,3822,0.1443,0.769,0.2762,286.28,982,141,0.83,18-24
1689,KOL_1689,PH,beauty,479199,0.0776,0.7337,0.1216,552.95,164773,12786,0.65,35+
1690,KOL_1690,SG,home,41578,0.0983,0.6756,0.2674,1653.87,13557,1332,0.8,35+
1691,KOL_1691,VN,beauty,86850,0.1062,0.9194,0.2106,557.92,26865,2853,0.48,35+
1692,KOL_1692,TH,fmcg,8853,0.1333,0.7767,0.2733,469.82,3042,405,0.09,35+
1693,KOL_1693,TH,fashion,3266800,0.0626,0.4768,0.1405,3882.43,1108595,69398,0.65,35+
1694,KOL_1694,MY,fmcg,78349,0.0672,0.3722,0.183,462.44,27123,1822,0.82,35+
1695,KOL_1695,SG,fashion,3824,0.2043,0.3346,0.2668,843.53,1018,207,0.04,18-24
1696,KOL_1696,SG,fmcg,4768,0.115,0.3441,0.2961,524.04,1386,159,0.11,18-24
1697,KOL_1697,VN,fmcg,92756,0.1173,0.9437,0.2515,353.93,25182,2953,0.01,18-24
1698,KOL_1698,VN,fashion,298549,0.0611,0.5021,0.2098,540.43,84118,5139,0.93,35+
1699,KOL_1699,TH,fmcg,2393,0.2346,0.8503,0.3283,407.29,794,186,0.86,35+
1700,KOL_1700,VN,beauty,6158,0.1797,0.7121,0.2535,204.72,1743,313,0.73,18-24
1701,KOL_1701,TH,home,62989,0.1198,0.8722,0.2752,1123.62,20566,2463,0.38,18-24
1702,KOL_1702,PH,home,1754,0.2137,0.7679,0.2592,59.67,442,94,0.9,25-34
1703,KOL_1703,ID,home,413620,0.0964,0.7929,0.1202,485.2,132700,12792,0.54,18-24
1704,KOL_1704,MY,home,5405,0.2522,0.666,0.3273,509.03,1550,390,0.43,35+
1705,KOL_1705,PH,fashion,3307,0.1875,0.6952,0.2888,165.08,1062,199,0.78,35+
1706,KOL_1706,MY,fmcg,8101,0.2129,0.7447,0.3029,619.64,2723,579,0.66,25-34
1707,KOL_1707,ID,home,176177,0.0533,0.714,0.1654,307.46,46585,2482,0.57,25-34
1708,KOL_1708,VN,home,4878,0.142,0.3929,0.2955,63.66,1543,219,0.52,35+
1709,KOL_1709,MY,home,295845,0.0533,0.3551,0.2135,824.62,76347,4069,0.78,25-34
1710,KOL_1710,TH,beauty,6150,0.2606,0.6407,0.3171,854.18,1679,437,0.49,25-34
1711,KOL_1711,SG,fashion,19781,0.0532,0.8843,0.208,1240.91,6191,329,0.71,25-34
1712,KOL_1712,PH,home,556910,0.0437,0.7222,0.1712,307.96,144107,6297,0.45,35+
1713,KOL_1713,MY,home,377175,0.0772,0.9414,0.1881,1607.53,118728,9165,0.49,18-24
1714,KOL_1714,TH,fmcg,9286,0.1382,0.3991,0.3331,428.03,3048,421,0.57,35+
1715,KOL_1715,TH,beauty,7542,0.1527,0.5395,0.2959,620.05,2101,320,0.83,25-34
1716,KOL_1716,SG,home,592834,0.0995,0.9437,0.2087,5795.44,206239,20520,0.79,18-24
1717,KOL_1717,ID,fashion,8954,0.2313,0.8718,0.3189,568.31,2973,687,0.45,18-24
1718,KOL_1718,TH,beauty,7876,0.1297,0.6796,0.2981,660.26,2029,263,0.79,35+
1719,KOL_1719,SG,fashion,17733,0.0512,0.9823,0.2644,1544.17,6086,311,0.11,35+
1720,KOL_1720,TH,fashion,4046,0.1993,0.3305,0.3447,497.97,1236,246,0.05,35+
1721,KOL_1721,TH,beauty,1718,0.0928,0.6011,0.2505,206.15,553,51,0.26,35+
1722,KOL_1722,SG,home,785398,0.0361,0.8496,0.1899,3469.09,226103,8162,0.81,18-24
1723,KOL_1723,PH,home,647255,0.0645,0.7012,0.1332,309.21,178662,11523,0.28,25-34
1724,KOL_1724,VN,fashion,533502,0.0776,0.7371,0.2177,1023.56,146625,11378,0.8,35+
1725,KOL_1725,SG,fmcg,2158,0.1017,0.4076,0.2722,331.7,586,59,0.07,25-34
1726,KOL_1726,ID,home,6897,0.1889,0.9169,0.3371,264.51,1880,355,0.42,18-24
1727,KOL_1727,PH,fashion,45783,0.1448,0.8217,0.2388,485.22,13239,1917,0.99,25-34
1728,KOL_1728,TH,fashion,668268,0.0662,0.9774,0.1583,2912.77,206115,13644,0.41,18-24
1729,KOL_1729,TH,beauty,53364,0.0755,0.611,0.2193,914.71,17019,1284,0.62,25-34
1730,KOL_1730,MY,beauty,7505,0.1344,0.8104,0.3041,741.78,2217,297,0.9,25-34
1731,KOL_1731,SG,beauty,9083,0.2129,0.3193,0.3389,1619.03,2372,504,0.95,18-24
1732,KOL_1732,MY,fashion,76520,0.1261,0.9904,0.2129,1934.41,21546,2716,0.7,25-34
1733,KOL_1733,PH,home,17075,0.1044,0.7437,0.2719,134.33,4914,513,0.82,25-34
1734,KOL_1734,VN,fashion,20899,0.1323,0.9251,0.1982,269.8,6510,861,0.78,35+
1735,KOL_1735,VN,beauty,1975,0.1131,0.8317,0.2579,101.13,522,59,0.34,35+
1736,KOL_1736,TH,fmcg,463882,0.1022,0.7805,0.1834,2003.13,156447,15988,0.34,25-34
1737,KOL_1737,ID,fmcg,9066,0.1179,0.4339,0.3095,180.34,2316,273,0.93,35+
1738,KOL_1738,MY,beauty,98351,0.0689,0.4614,0.181,863.47,31021,2137,0.29,35+
1739,KOL_1739,SG,beauty,49854,0.1067,0.783,0.1803,2237.19,15316,1634,0.13,18-24
1740,KOL_1740,TH,beauty,549219,0.0343,0.9806,0.1272,1453.35,156958,5383,0.63,18-24
1741,KOL_1741,SG,home,3742829,0.0416,0.9243,0.0846,3777.5,1063439,44239,0.91,35+
1742,KOL_1742,PH,fmcg,29203,0.0435,0.3233,0.2369,85.91,9665,420,0.01,18-24
1743,KOL_1743,MY,fmcg,8020,0.3,0.6832,0.3217,744.53,2493,747,0.26,35+
1744,KOL_1744,ID,fashion,602250,0.0689,0.3877,0.177,941.58,169501,11678,0.31,35+
1745,KOL_1745,PH,fmcg,2572733,0.0614,0.5748,0.1259,678.89,865090,53116,0.16,25-34
1746,KOL_1746,ID,fmcg,3632,0.2489,0.351,0.2813,135.58,974,242,0.9,18-24
1747,KOL_1747,ID,fashion,8526,0.1878,0.3428,0.2719,267.17,2357,442,0.31,18-24
1748,KOL_1748,VN,beauty,1523,0.2235,0.9246,0.2856,145.77,381,85,0.64,35+
1749,KOL_1749,MY,beauty,64264,0.0887,0.406,0.2184,896.39,19703,1747,0.22,18-24
1750,KOL_1750,PH,home,10851,0.0748,0.9704,0.2554,97.25,3636,271,0.32,35+
1751,KOL_1751,TH,fashion,191989,0.045,0.8397,0.1595,1202.18,55564,2500,0.95,18-24
1752,KOL_1752,TH,home,33485,0.1424,0.399,0.2321,509.53,8689,1237,0.26,25-34
1753,KOL_1753,MY,home,828659,0.061,0.6114,0.2042,1853.08,236741,14441,0.71,35+
1754,KOL_1754,SG,fashion,4097,0.2119,0.3693,0.2568,899.2,1293,273,0.79,35+
1755,KOL_1755,PH,beauty,74072,0.1262,0.6959,0.2573,571.31,22639,2857,0.44,35+
1756,KOL_1756,PH,fmcg,2336,0.2742,0.6983,0.2667,100.93,760,208,0.09,35+
1757,KOL_1757,PH,fashion,16598,0.1326,0.942,0.1867,234.03,4918,652,0.61,18-24
1758,KOL_1758,TH,home,86268,0.0836,0.6563,0.2666,923.14,23139,1934,1.0,18-24
1759,KOL_1759,SG,home,8811,0.1148,0.6858,0.3037,941.49,2843,326,0.93,18-24
1760,KOL_1760,TH,fashion,3547,0.098,0.4951,0.3231,375.08,1155,113,0.75,18-24
1761,KOL_1761,VN,fashion,57173,0.11,0.7908,0.2536,481.35,14399,1583,0.13,35+
1762,KOL_1762,ID,fashion,1830,0.1654,0.4045,0.3217,149.29,585,96,0.36,18-24
1763,KOL_1763,ID,beauty,23531,0.0712,0.329,0.2218,209.07,6075,432,0.41,25-34
1764,KOL_1764,PH,fmcg,1941,0.1837,0.4616,0.296,67.95,586,107,0.9,18-24
1765,KOL_1765,ID,beauty,39392,0.0475,0.316,0.2216,216.35,13466,639,0.81,35+
1766,KOL_1766,ID,fashion,5891,0.1813,0.9024,0.2619,341.01,1502,272,0.26,35+
1767,KOL_1767,SG,beauty,46163,0.0458,0.4135,0.2601,1478.66,13203,604,0.94,25-34
1768,KOL_1768,PH,fmcg,75678,0.0448,0.9194,0.2261,225.89,25089,1123,0.88,18-24
1769,KOL_1769,PH,home,7455,0.2503,0.6585,0.2862,136.12,2174,544,0.58,25-34
1770,KOL_1770,VN,home,1592,0.1843,0.9858,0.3105,68.96,446,82,0.72,35+
1771,KOL_1771,ID,fashion,11118,0.0755,0.4171,0.2647,207.73,3569,269,0.13,18-24
1772,KOL_1772,VN,home,3406,0.1641,0.7658,0.3441,92.97,1135,186,0.7,25-34
1773,KOL_1773,MY,fmcg,23292,0.1268,0.7454,0.2749,736.23,6224,789,0.74,25-34
1774,KOL_1774,VN,fmcg,4933,0.2748,0.7979,0.2764,126.24,1335,366,0.56,18-24
1775,KOL_1775,ID,home,855149,0.1119,0.9631,0.1867,1286.73,261585,29271,0.53,18-24
1776,KOL_1776,MY,beauty,4314,0.2494,0.7827,0.3206,793.71,1266,315,0.85,35+
1777,KOL_1777,PH,fmcg,13668,0.0864,0.5589,0.2716,124.86,4571,394,0.68,25-34
1778,KOL_1778,TH,home,8430,0.1917,0.8044,0.3447,625.48,2477,474,0.97,25-34
1779,KOL_1779,VN,fmcg,8736,0.2777,0.5707,0.3462,178.9,2249,624,0.43,25-34
1780,KOL_1780,MY,home,3901,0.1621,0.6748,0.3425,365.21,1291,209,0.92,25-34
1781,KOL_1781,TH,fmcg,54786,0.0586,0.3998,0.2197,446.94,17355,1017,0.18,18-24
1782,KOL_1782,MY,home,5524,0.1223,0.8022,0.2682,322.29,1506,184,0.93,25-34
1783,KOL_1783,ID,fmcg,5338,0.2359,0.4735,0.3317,219.14,1643,387,0.78,25-34
1784,KOL_1784,PH,fashion,1914,0.1856,0.7604,0.2604,117.83,653,121,0.9,18-24
1785,KOL_1785,TH,fashion,99949,0.1202,0.6716,0.1942,1543.59,26957,3240,0.08,35+
1786,KOL_1786,ID,home,22108,0.1432,0.5228,0.2616,241.63,6671,955,0.74,18-24
1787,KOL_1787,VN,fmcg,76255,0.1185,0.8909,0.1849,230.4,23137,2741,0.19,18-24
1788,KOL_1788,TH,fashion,955500,0.0818,0.5876,0.1423,2698.65,297163,24307,0.46,18-24
1789,KOL_1789,MY,beauty,62468,0.1118,0.4365,0.2079,979.29,16124,1802,0.65,18-24
1790,KOL_1790,SG,beauty,759869,0.0865,0.8696,0.1225,5630.59,238134,20598,0.33,35+
1791,KOL_1791,VN,fashion,15980,0.0496,0.6387,0.2529,153.15,4129,204,0.31,25-34
1792,KOL_1792,SG,beauty,35541,0.0456,0.5108,0.2569,1421.08,9776,445,0.76,35+
1793,KOL_1793,ID,beauty,827846,0.0414,0.9359,0.1398,1005.22,288544,11945,0.35,35+
1794,KOL_1794,ID,fmcg,7402,0.1442,0.7207,0.3284,246.43,2202,317,0.13,25-34
1795,KOL_1795,ID,fashion,2477439,0.0772,0.778,0.0669,1082.34,787115,60765,0.69,25-34
1796,KOL_1796,TH,home,4114,0.2874,0.422,0.3353,376.95,1382,397,0.69,18-24
1797,KOL_1797,TH,beauty,336456,0.0381,0.361,0.167,954.99,90119,3433,0.91,35+
1798,KOL_1798,MY,fashion,1191100,0.049,0.6485,0.133,2404.9,323976,15874,0.38,18-24
1799,KOL_1799,SG,fashion,3042,0.1154,0.7514,0.3393,1077.64,1045,120,0.68,35+
1800,KOL_1800,VN,fmcg,3961544,0.0281,0.7664,0.1423,577.22,1127822,31691,0.53,25-34
1801,KOL_1801,ID,fashion,601719,0.0433,0.4839,0.218,1026.57,164631,7128,0.98,18-24
1802,KOL_1802,SG,home,3644,0.2846,0.7443,0.2754,900.58,989,281,0.35,35+
1803,KOL_1803,VN,fashion,693572,0.0447,0.9936,0.1379,651.42,219758,9823,0.41,25-34
1804,KOL_1804,ID,fmcg,6530,0.1489,0.9302,0.3364,273.73,1883,280,0.07,35+
1805,KOL_1805,MY,fashion,1908,0.1628,0.6442,0.2506,329.49,648,105,0.32,35+
1806,KOL_1806,VN,beauty,909680,0.0393,0.4039,0.142,490.93,277930,10922,0.17,35+
1807,KOL_1807,PH,home,5699,0.2139,0.8797,0.2886,128.23,1746,373,0.73,25-34
1808,KOL_1808,VN,beauty,6217,0.131,0.422,0.2868,152.96,1993,261,0.98,25-34
1809,KOL_1809,VN,beauty,6606,0.1546,0.6987,0.3076,236.39,2035,314,0.59,18-24
1810,KOL_1810,PH,beauty,69095,0.0959,0.4294,0.2611,383.43,17422,1670,0.25,25-34
1811,KOL_1811,MY,fashion,3796190,0.0217,0.7564,0.1229,2851.42,996131,21616,0.15,18-24
1812,KOL_1812,SG,fmcg,699339,0.0501,0.9342,0.1663,3876.3,234329,11739,0.41,35+
1813,KOL_1813,PH,fashion,2990477,0.0296,0.6434,0.058,381.05,844809,25006,0.13,35+
1814,KOL_1814,SG,fmcg,1463,0.1828,0.7037,0.3149,556.6,472,86,0.35,35+
1815,KOL_1815,TH,fashion,761615,0.0873,0.7888,0.1315,2664.86,202422,17671,0.63,25-34
1816,KOL_1816,SG,home,4086,0.1066,0.8076,0.2682,592.03,1084,115,0.14,18-24
1817,KOL_1817,PH,home,2134,0.146,0.5444,0.3493,61.72,678,98,0.64,25-34
1818,KOL_1818,PH,home,16545,0.0392,0.6929,0.2109,60.66,5498,215,0.76,25-34
1819,KOL_1819,MY,fmcg,85025,0.0879,0.5167,0.2616,927.9,27574,2423,0.89,25-34
1820,KOL_1820,ID,home,14426,0.0648,0.3161,0.2115,82.54,4057,262,0.47,18-24
1821,KOL_1821,PH,fmcg,60609,0.1501,0.7315,0.1879,274.3,20353,3054,0.57,25-34
1822,KOL_1822,SG,fmcg,7228,0.1318,0.7863,0.3219,1135.11,1990,262,0.37,18-24
1823,KOL_1823,ID,beauty,3639,0.2026,0.5986,0.3353,282.8,1224,247,0.29,35+
1824,KOL_1824,TH,home,83346,0.1429,0.7282,0.2214,1037.71,27956,3994,0.25,25-34
1825,KOL_1825,MY,home,406352,0.0774,0.4802,0.1812,1149.45,127508,9869,0.57,35+
1826,KOL_1826,TH,fmcg,89621,0.0708,0.9004,0.2085,894.84,26822,1898,0.88,25-34
1827,KOL_1827,PH,fashion,3807,0.1117,0.5297,0.3105,128.3,1196,133,0.72,18-24
1828,KOL_1828,SG,home,3806023,0.072,0.9176,0.06,3541.29,1034181,74461,0.1,18-24
1829,KOL_1829,MY,fmcg,4188715,0.0482,0.7839,0.1262,2865.78,1298276,62576,0.33,35+
1830,KOL_1830,PH,fashion,5703,0.2453,0.5594,0.3359,258.68,1553,380,0.04,18-24
1831,KOL_1831,MY,fashion,5557,0.2356,0.5671,0.3224,816.47,1618,381,0.57,18-24
1832,KOL_1832,PH,home,6828,0.1315,0.4428,0.3358,90.85,2071,272,0.53,35+
1833,KOL_1833,MY,fmcg,6419,0.2248,0.8877,0.3471,709.11,1685,378,0.92,35+
1834,KOL_1834,TH,home,2126,0.1458,0.5088,0.2897,183.11,587,85,0.08,18-24
1835,KOL_1835,ID,fashion,677483,0.0624,0.5076,0.2029,1246.61,190023,11857,0.93,35+
1836,KOL_1836,PH,fashion,5074,0.1372,0.4282,0.3156,150.0,1278,175,0.3,35+
1837,KOL_1837,VN,fmcg,85949,0.0919,0.7724,0.2581,279.97,21946,2016,0.03,35+
1838,KOL_1838,MY,fashion,3307,0.1997,0.8273,0.3386,735.61,872,174,0.65,25-34
1839,KOL_1839,TH,fashion,47492,0.0437,0.9955,0.2641,1062.25,12351,539,0.16,35+
1840,KOL_1840,SG,home,975263,0.0481,0.4134,0.1622,2658.51,288161,13860,0.18,25-34
1841,KOL_1841,SG,fashion,30903,0.0551,0.9958,0.1809,1456.76,7791,429,0.13,25-34
1842,KOL_1842,ID,fashion,24130,0.0709,0.4608,0.2054,241.87,7951,563,0.44,35+
1843,KOL_1843,MY,fmcg,97861,0.1509,0.5556,0.2656,1373.31,26791,4042,0.78,35+
1844,KOL_1844,VN,home,51312,0.0724,0.4215,0.2011,103.92,13468,975,0.94,18-24
1845,KOL_1845,ID,fashion,870406,0.0764,0.8712,0.1229,1240.68,253102,19336,0.72,18-24
1846,KOL_1846,SG,beauty,9850,0.1386,0.9805,0.2591,1822.59,3197,443,0.16,18-24
1847,KOL_1847,VN,fmcg,27354,0.0804,0.3409,0.2716,103.29,7899,635,0.66,35+
1848,KOL_1848,PH,home,23315,0.1306,0.7452,0.2625,169.67,7524,982,0.11,35+
1849,KOL_1849,SG,fashion,291761,0.082,0.5518,0.1737,3903.08,87381,7165,0.15,35+
1850,KOL_1850,ID,home,29442,0.086,0.3449,0.2399,160.94,9755,838,0.78,25-34
1851,KOL_1851,VN,fashion,9745,0.1448,0.655,0.3447,282.05,2933,424,0.25,18-24
1852,KOL_1852,MY,beauty,20001,0.1121,0.3592,0.2331,564.35,6978,782,0.51,18-24
1853,KOL_1853,VN,beauty,82456,0.0965,0.7299,0.2254,494.19,21424,2067,0.86,25-34
1854,KOL_1854,TH,beauty,1590,0.2933,0.7188,0.3088,475.28,556,163,0.62,35+
1855,KOL_1855,MY,fashion,6215,0.2765,0.3766,0.2676,632.71,2058,569,0.95,35+
1856,KOL_1856,TH,fashion,4609,0.1913,0.315,0.2644,389.93,1344,257,0.18,35+
1857,KOL_1857,ID,fashion,5270,0.2278,0.895,0.324,445.42,1319,300,0.69,18-24
1858,KOL_1858,MY,home,5749,0.1562,0.9334,0.3002,448.63,1968,307,0.5,35+
1859,KOL_1859,MY,home,53331,0.0409,0.8631,0.2414,540.67,16425,671,0.77,35+
1860,KOL_1860,SG,fashion,6131,0.1454,0.6478,0.2897,1361.43,1747,254,0.16,35+
1861,KOL_1861,PH,home,64278,0.0594,0.9449,0.2595,211.49,17380,1032,0.91,35+
1862,KOL_1862,ID,fashion,7854,0.1126,0.6799,0.2528,259.99,2341,263,0.57,18-24
1863,KOL_1863,PH,fashion,5683,0.1168,0.9053,0.2542,171.55,1745,203,0.32,35+
1864,KOL_1864,ID,fmcg,62720,0.0606,0.7679,0.1972,288.25,20778,1259,0.72,35+
1865,KOL_1865,TH,beauty,288624,0.0318,0.5347,0.1846,1087.09,90218,2868,0.34,18-24
1866,KOL_1866,MY,home,2752,0.1463,0.8959,0.3074,301.37,802,117,0.7,18-24
1867,KOL_1867,ID,beauty,2371,0.1212,0.9648,0.2872,192.0,668,80,0.51,18-24
1868,KOL_1868,PH,fmcg,80559,0.0558,0.592,0.2098,193.67,20209,1127,0.1,35+
1869,KOL_1869,TH,fashion,6352,0.1541,0.5726,0.3337,699.1,1588,244,0.04,25-34
1870,KOL_1870,PH,fashion,9232,0.2829,0.7468,0.3332,405.11,2841,803,0.33,35+
1871,KOL_1871,TH,beauty,3675152,0.05,0.5795,0.1096,3006.61,986579,49328,0.22,35+
1872,KOL_1872,MY,fashion,3308,0.2383,0.4014,0.2683,443.58,983,234,0.69,18-24
1873,KOL_1873,VN,fmcg,5144,0.2247,0.3789,0.3438,99.93,1400,314,0.09,35+
1874,KOL_1874,SG,beauty,63248,0.1076,0.7291,0.2452,3320.66,20020,2154,0.7,18-24
1875,KOL_1875,MY,fashion,12608,0.0515,0.5956,0.2506,458.04,3279,168,0.01,18-24
1876,KOL_1876,MY,beauty,80679,0.078,0.432,0.2122,943.91,20550,1602,0.33,18-24
1877,KOL_1877,TH,fashion,9674,0.284,0.3013,0.3425,872.05,3281,931,0.81,18-24
1878,KOL_1878,SG,fmcg,83997,0.1081,0.6158,0.1964,1892.12,28493,3080,0.76,18-24
1879,KOL_1879,SG,fmcg,285924,0.1022,0.4448,0.1873,2751.11,78160,7987,0.21,25-34
1880,KOL_1880,SG,fmcg,20918,0.0995,0.9183,0.1977,1113.58,7093,705,0.1,25-34
1881,KOL_1881,SG,fashion,24242,0.035,0.4085,0.2001,728.56,6984,244,0.72,18-24
1882,KOL_1882,ID,fmcg,9856,0.2885,0.4567,0.3237,315.6,3209,925,0.86,35+
1883,KOL_1883,MY,beauty,12593,0.0947,0.6451,0.2222,525.8,3906,369,0.83,18-24
1884,KOL_1884,ID,beauty,9818,0.2264,0.8693,0.3121,550.78,2933,664,0.61,25-34
1885,KOL_1885,SG,fashion,9243,0.2284,0.7154,0.3041,2311.14,2616,597,0.35,25-34
1886,KOL_1886,PH,fmcg,1272,0.3,0.4055,0.2869,63.86,440,132,0.82,35+
1887,KOL_1887,ID,home,3798,0.2126,0.8806,0.2948,178.47,1107,235,0.62,35+
1888,KOL_1888,PH,beauty,31300,0.0713,0.491,0.2564,233.65,10848,773,0.3,18-24
1889,KOL_1889,SG,fmcg,89669,0.0395,0.6326,0.2223,1355.77,27406,1082,0.06,25-34
1890,KOL_1890,SG,fmcg,61951,0.095,0.6873,0.2107,1726.5,21056,2000,0.5,35+
1891,KOL_1891,SG,home,5656,0.158,0.6563,0.2613,744.84,1887,298,0.24,25-34
1892,KOL_1892,SG,beauty,92564,0.0754,0.7071,0.2797,3777.62,27940,2106,0.78,35+
1893,KOL_1893,VN,fmcg,5751,0.1775,0.4167,0.3376,96.7,1772,314,0.96,18-24
1894,KOL_1894,PH,fmcg,132925,0.037,0.6211,0.149,147.36,43091,1594,0.9,18-24
1895,KOL_1895,MY,fashion,287844,0.0538,0.551,0.1201,1031.13,100707,5418,0.54,35+
1896,KOL_1896,SG,fashion,1674,0.1563,0.8704,0.3119,920.46,540,84,0.26,35+
1897,KOL_1897,ID,fmcg,3320844,0.0468,0.4656,0.1288,937.44,836882,39166,0.05,18-24
1898,KOL_1898,SG,home,6651,0.2631,0.5823,0.3145,1181.61,1680,442,0.91,25-34
1899,KOL_1899,PH,home,2590,0.2286,0.4341,0.2932,63.78,674,154,0.5,25-34
1900,KOL_1900,VN,beauty,120454,0.0765,0.4134,0.1231,218.58,40452,3094,0.75,25-34
1901,KOL_1901,TH,fashion,3013,0.102,0.5069,0.3101,342.51,775,79,0.39,25-34
1902,KOL_1902,TH,fashion,65304,0.1145,0.873,0.2101,1502.05,16642,1905,0.38,18-24
1903,KOL_1903,TH,fmcg,6639,0.218,0.6344,0.3268,562.26,1848,402,0.94,18-24
1904,KOL_1904,VN,home,1129,0.1522,0.7446,0.294,43.43,285,43,0.26,25-34
1905,KOL_1905,TH,fashion,60960,0.0687,0.8498,0.2401,1267.5,17912,1230,0.17,18-24
1906,KOL_1906,TH,home,50965,0.0447,0.9786,0.2529,600.98,14528,649,0.1,35+
1907,KOL_1907,VN,fashion,724881,0.0364,0.5761,0.2147,712.45,190131,6920,0.93,25-34
1908,KOL_1908,TH,fashion,3345,0.2242,0.4099,0.3117,483.62,1120,251,0.32,35+
1909,KOL_1909,VN,home,6320,0.1376,0.5137,0.264,72.87,1900,261,0.1,18-24
1910,KOL_1910,MY,home,2374439,0.0511,0.614,0.1416,1995.08,732308,37420,0.85,18-24
1911,KOL_1911,ID,home,2519,0.1496,0.4885,0.3139,96.69,721,107,0.77,25-34
1912,KOL_1912,PH,beauty,79327,0.1333,0.5071,0.2156,434.62,22291,2971,0.7,35+
1913,KOL_1913,TH,fashion,44073,0.0805,0.4422,0.2288,801.96,15395,1239,0.03,18-24
1914,KOL_1914,ID,fashion,4567,0.2049,0.3481,0.3325,251.67,1408,288,0.92,18-24
1915,KOL_1915,SG,beauty,14906,0.0966,0.9227,0.2153,1508.83,4082,394,0.48,25-34
1916,KOL_1916,MY,home,5673,0.2602,0.5212,0.2682,383.99,1873,487,0.69,25-34
1917,KOL_1917,SG,beauty,4484,0.3,0.6378,0.2602,1465.36,1410,423,0.86,25-34
1918,KOL_1918,MY,fmcg,72700,0.0567,0.5671,0.2243,619.01,21278,1206,0.93,35+
1919,KOL_1919,PH,fashion,717455,0.1092,0.4571,0.1788,931.55,213043,23264,0.89,35+
1920,KOL_1920,SG,beauty,374720,0.0934,0.7267,0.1889,5792.0,101030,9436,0.05,35+
1921,KOL_1921,VN,home,72874,0.0556,0.9341,0.1964,157.8,23988,1333,0.08,35+
1922,KOL_1922,PH,home,78428,0.0674,0.7554,0.2536,217.43,23822,1605,0.78,25-34
1923,KOL_1923,ID,home,97817,0.1063,0.5595,0.2624,454.37,32487,3453,0.33,35+
1924,KOL_1924,SG,beauty,78144,0.0542,0.3778,0.1979,1522.02,20121,1090,0.44,35+
1925,KOL_1925,MY,fashion,80623,0.1198,0.892,0.2099,1810.84,24582,2944,0.19,35+
1926,KOL_1926,SG,home,573803,0.0919,0.9484,0.2116,5569.48,160665,14765,0.93,18-24
1927,KOL_1927,ID,fmcg,933414,0.0927,0.8324,0.2182,1584.42,247091,22905,0.08,35+
1928,KOL_1928,SG,beauty,1486,0.1421,0.8264,0.3275,831.76,518,73,0.25,25-34
1929,KOL_1929,MY,fashion,183663,0.0554,0.7035,0.2033,1598.68,60506,3352,0.47,18-24
1930,KOL_1930,ID,fashion,3421,0.2073,0.5961,0.3323,286.54,1046,216,0.09,35+
1931,KOL_1931,VN,beauty,9267,0.1778,0.8053,0.3269,342.58,3001,533,0.32,18-24
1932,KOL_1932,SG,beauty,12618,0.1082,0.703,0.181,1078.06,4245,459,0.13,35+
1933,KOL_1933,ID,fmcg,2289220,0.0311,0.5447,0.0542,288.79,587790,18280,0.69,25-34
1934,KOL_1934,TH,home,936346,0.0371,0.3861,0.1261,735.0,251863,9344,0.3,35+
1935,KOL_1935,SG,fmcg,62489,0.0454,0.788,0.2006,1222.03,21827,990,0.4,25-34
1936,KOL_1936,ID,home,6712,0.208,0.6978,0.2742,194.3,2311,480,0.06,18-24
1937,KOL_1937,PH,beauty,81375,0.0838,0.8259,0.2167,447.71,28172,2360,0.29,35+
1938,KOL_1938,PH,fashion,6477,0.2983,0.4676,0.2857,236.41,1738,518,0.1,25-34
1939,KOL_1939,PH,fmcg,1697,0.2556,0.9377,0.2682,96.79,432,110,0.86,35+
1940,KOL_1940,TH,fashion,95217,0.0695,0.9399,0.2321,1619.77,29993,2084,0.81,25-34
1941,KOL_1941,VN,fmcg,7753,0.1289,0.7364,0.3459,130.32,2269,292,0.63,18-24
1942,KOL_1942,MY,beauty,5908,0.1691,0.9827,0.2689,718.82,2050,346,0.55,18-24
1943,KOL_1943,PH,fashion,38048,0.0365,0.5938,0.2734,216.14,11597,423,0.87,25-34
1944,KOL_1944,ID,home,98661,0.0617,0.8285,0.2594,418.22,25019,1543,0.58,35+
1945,KOL_1945,VN,beauty,538713,0.06,0.8293,0.177,833.7,146024,8761,0.51,25-34
1946,KOL_1946,TH,beauty,633880,0.0575,0.5239,0.2056,2388.43,174010,10005,0.83,25-34
1947,KOL_1947,ID,beauty,69464,0.0548,0.6175,0.2442,475.32,20846,1142,0.81,35+
1948,KOL_1948,TH,beauty,4308619,0.0254,0.8825,0.0703,1836.57,1186345,30133,0.59,35+
1949,KOL_1949,VN,home,631898,0.0655,0.6102,0.2162,448.72,172553,11302,0.73,18-24
1950,KOL_1950,VN,beauty,72245,0.0983,0.366,0.2405,352.75,23162,2276,0.91,25-34
1951,KOL_1951,ID,home,7867,0.2662,0.3894,0.2765,179.26,2137,568,0.97,25-34
1952,KOL_1952,MY,home,3791,0.2506,0.3595,0.295,281.41,1016,254,0.01,25-34
1953,KOL_1953,VN,home,1927,0.2411,0.7141,0.26,61.85,537,129,0.16,25-34
1954,KOL_1954,PH,home,2007464,0.0734,0.3416,0.0599,182.35,668141,49041,0.92,18-24
1955,KOL_1955,SG,fmcg,670411,0.083,0.8111,0.1351,3697.97,218691,18151,0.98,35+
1956,KOL_1956,TH,fashion,34029,0.052,0.6472,0.1986,594.73,8564,445,0.27,35+
1957,KOL_1957,SG,beauty,38047,0.0519,0.6735,0.1835,1286.58,10763,558,0.38,25-34
1958,KOL_1958,PH,fmcg,7250,0.1419,0.4045,0.3194,116.6,1986,281,0.06,18-24
1959,KOL_1959,PH,fashion,133343,0.0776,0.4655,0.127,242.66,39239,3044,0.2,35+
1960,KOL_1960,MY,beauty,11307,0.0767,0.5191,0.2295,415.43,3106,238,0.33,35+
1961,KOL_1961,ID,beauty,1109039,0.0621,0.623,0.1154,959.72,299760,18615,0.16,18-24
1962,KOL_1962,MY,fmcg,7236,0.2288,0.6308,0.2996,552.67,1999,457,0.12,25-34
1963,KOL_1963,MY,fashion,5576,0.2705,0.9992,0.3047,1099.41,1464,396,0.47,18-24
1964,KOL_1964,ID,home,50159,0.058,0.9849,0.2093,254.35,13619,789,0.18,18-24
1965,KOL_1965,SG,home,7509,0.0982,0.4503,0.3255,698.08,2022,198,0.95,35+
1966,KOL_1966,PH,fashion,86459,0.0749,0.6123,0.2176,377.21,21985,1646,0.21,18-24
1967,KOL_1967,PH,fmcg,91986,0.0692,0.9461,0.1879,260.93,30624,2119,0.6,25-34
1968,KOL_1968,TH,home,13159,0.1546,0.4892,0.2384,378.53,4008,619,0.11,18-24
1969,KOL_1969,SG,beauty,2741,0.1899,0.9686,0.2671,1153.03,905,171,0.54,25-34
1970,KOL_1970,PH,home,3949094,0.0383,0.6751,0.0979,424.47,1211648,46406,0.79,35+
1971,KOL_1971,MY,home,26633,0.0612,0.3412,0.2112,257.08,7718,472,0.02,35+
1972,KOL_1972,TH,fashion,2451,0.2607,0.3228,0.2586,328.63,689,179,0.04,25-34
1973,KOL_1973,ID,fmcg,79348,0.1542,0.9597,0.2408,706.0,25820,3981,0.63,18-24
1974,KOL_1974,PH,beauty,341657,0.0461,0.6059,0.1704,458.28,93100,4291,0.22,35+
1975,KOL_1975,ID,beauty,45955,0.0782,0.899,0.2798,638.49,13121,1026,0.74,25-34
1976,KOL_1976,ID,fashion,29449,0.1296,0.5302,0.1802,339.97,7446,965,0.02,35+
1977,KOL_1977,SG,beauty,5779,0.2856,0.6174,0.3112,1909.93,1448,413,0.52,35+
1978,KOL_1978,MY,beauty,695726,0.0886,0.3834,0.178,2334.49,186034,16482,0.38,35+
1979,KOL_1979,VN,fmcg,40814,0.0552,0.9537,0.254,163.51,12734,702,0.04,18-24
1980,KOL_1980,SG,fmcg,54150,0.0837,0.9657,0.228,1943.41,15651,1309,0.39,18-24
1981,KOL_1981,MY,fashion,9438,0.1424,0.6042,0.3453,914.54,2444,348,0.93,35+
1982,KOL_1982,VN,home,433805,0.0376,0.752,0.153,221.3,117725,4426,0.76,25-34
1983,KOL_1983,MY,beauty,1297,0.1279,0.8935,0.2863,297.37,407,52,0.76,25-34
1984,KOL_1984,SG,home,13928,0.0858,0.7023,0.2083,710.27,4041,346,0.86,25-34
1985,KOL_1985,VN,beauty,17034,0.0513,0.4869,0.261,154.88,5705,292,0.77,18-24
1986,KOL_1986,SG,home,29950,0.1477,0.6593,0.2768,1759.47,8099,1196,0.96,25-34
1987,KOL_1987,VN,home,9697,0.189,0.6478,0.3405,153.22,2903,548,0.23,25-34
1988,KOL_1988,TH,fmcg,35251,0.0766,0.9514,0.1817,522.92,10019,767,0.09,35+
1989,KOL_1989,VN,fmcg,3285,0.1997,0.6843,0.3438,101.16,1142,228,0.18,35+
1990,KOL_1990,PH,beauty,2451027,0.0504,0.9064,0.1383,1274.02,628703,31686,0.46,18-24
1991,KOL_1991,SG,fashion,5333,0.1588,0.3597,0.3022,1031.44,1802,286,0.09,18-24
1992,KOL_1992,VN,fmcg,33039,0.0696,0.6975,0.1869,103.95,8626,600,0.13,35+
1993,KOL_1993,PH,home,658212,0.0683,0.8148,0.1424,369.79,198441,13553,0.31,35+
1994,KOL_1994,PH,fashion,6004,0.2583,0.9849,0.3352,360.66,1808,467,0.38,18-24
1995,KOL_1995,VN,fashion,2443,0.1419,0.6495,0.3464,139.9,689,97,0.49,18-24
1996,KOL_1996,PH,fashion,6729,0.2067,0.6438,0.2663,219.38,2007,414,0.76,35+
1997,KOL_1997,MY,fmcg,70142,0.1027,0.6171,0.2647,1007.43,23298,2392,0.81,25-34
1998,KOL_1998,MY,fmcg,921216,0.052,0.391,0.2084,1628.06,283882,14761,0.85,25-34
1999,KOL_1999,MY,fashion,45332,0.119,0.627,0.2378,1285.38,13034,1551,0.36,18-24
2000,KOL_2000,TH,fashion,24267,0.1211,0.6959,0.1926,770.75,7349,889,0.86,18-24
